Id;SubId;Name (click to view profile);Date;Likes;Comment;
1;;kamilawulkner;17.07.18 16:33:45;0;??;https://www.instagram.com/p/BlVURvwBatt/?comment_id=17934123523185092
2;;ivika1986;17.07.18 16:37:38;0;Where's John??;https://www.instagram.com/p/BlVURvwBatt/?comment_id=17946767947102747
3;;paulohenryque60;17.07.18 16:37:59;1;@jordancsous shooooow;https://www.instagram.com/p/BlVURvwBatt/?comment_id=17887409098239434
4;;noordabaj;17.07.18 16:38:10;1;@sara__sarrawy I’ll be seeing Freddie and I’ll start crying tbh , like u legnditoooo fredditooo;https://www.instagram.com/p/BlVURvwBatt/?comment_id=17930282446165948
5;;romybeleen;17.07.18 16:58:01;0;??;https://www.instagram.com/p/BlVURvwBatt/?comment_id=17961800188046774
6;;xapaxrl;17.07.18 17:00:07;0;@sickgrafia amos Cx;https://www.instagram.com/p/BlVURvwBatt/?comment_id=17918606359198562
7;;oliviaherwig;17.07.18 17:00:58;0;comes out on my birthday ????;https://www.instagram.com/p/BlVURvwBatt/?comment_id=17932278784152402
8;;natalia_santos_67;17.07.18 17:08:48;0;????????????????????????????;https://www.instagram.com/p/BlVURvwBatt/?comment_id=17883898726245413
9;;gilvan_hue;17.07.18 17:12:03;1;@jordancsous vi agora.;https://www.instagram.com/p/BlVURvwBatt/?comment_id=17927095705169800
10;;chrissii_tjrt;17.07.18 17:12:23;0;???;https://www.instagram.com/p/BlVURvwBatt/?comment_id=17932946371152734
11;;usvaldo_r._vera;17.07.18 17:23:10;0;Hopefully it feels like the cantinflas movie tbh;https://www.instagram.com/p/BlVURvwBatt/?comment_id=17960021521024515
12;;oscarmiranda90;17.07.18 17:32:55;0;HERMOSO :'(;https://www.instagram.com/p/BlVURvwBatt/?comment_id=17947247041102543
13;;thatgrrrlmelody;17.07.18 17:44:29;0;@mdavis0413;https://www.instagram.com/p/BlVURvwBatt/?comment_id=17934691057191704
14;;seabunny12;17.07.18 17:45:36;0;@sf_field I can't wait to see this!;https://www.instagram.com/p/BlVURvwBatt/?comment_id=17918946610197939
15;;peony_kaye;17.07.18 17:46:23;0;Yaaaaaassss??;https://www.instagram.com/p/BlVURvwBatt/?comment_id=17944326616127219
16;;ccordovam;17.07.18 17:47:29;0;@mayito_454 sii o que???;https://www.instagram.com/p/BlVURvwBatt/?comment_id=17933262274192542
17;;hoffmariana;17.07.18 18:00:35;1;@prisciimiranda !!!!!!;https://www.instagram.com/p/BlVURvwBatt/?comment_id=17929729312162285
18;;hoffmariana;17.07.18 18:00:44;1;@vitoriahoff;https://www.instagram.com/p/BlVURvwBatt/?comment_id=17934205492130596
19;;pao_morissette;17.07.18 18:13:46;0;@pamojeda ??????;https://www.instagram.com/p/BlVURvwBatt/?comment_id=17953737922079270
20;;roverson_schvartz;17.07.18 19:41:04;0;@roverson_schvartz @allanforell  @guitoldo @luiz.leal @mauriciomcorrrea @ualam_  @mariarosipereira @moyvencato @maxsrosa;https://www.instagram.com/p/BlVURvwBatt/?comment_id=17870296420261310
21;;paolocelentano_;17.07.18 19:42:24;0;So Emotional dude ?? i can't wait to see the movie;https://www.instagram.com/p/BlVURvwBatt/?comment_id=17961998341025825
22;;lexii57;17.07.18 19:46:46;0;@toe_knee_alves wayyyyy ahead of you;https://www.instagram.com/p/BlVURvwBatt/?comment_id=17961647239036504
23;;kylie_andbabes;17.07.18 20:03:11;1;@krista_pen;https://www.instagram.com/p/BlVURvwBatt/?comment_id=17888080153239161
24;;krista_pen;17.07.18 20:04:17;0;@kylie_andbabes Yas!!!!;https://www.instagram.com/p/BlVURvwBatt/?comment_id=17929629784163545
25;;tio_yisus_real;17.07.18 20:08:32;0;@amy_rj9 una de las películas que veré pero a ti no te gusta xd;https://www.instagram.com/p/BlVURvwBatt/?comment_id=17961445831039237
26;;georgepilgrem;17.07.18 20:12:58;0;@megatrontom we are seeing this;https://www.instagram.com/p/BlVURvwBatt/?comment_id=17887052215240184
27;;roesque;17.07.18 20:15:35;0;YESYES CANT WAIT;https://www.instagram.com/p/BlVURvwBatt/?comment_id=17946644944119811
28;;coryino;17.07.18 20:22:17;0;@plan_b_ino_;https://www.instagram.com/p/BlVURvwBatt/?comment_id=17940640489089806
29;;powerkat58;17.07.18 20:25:06;1;@molove77;https://www.instagram.com/p/BlVURvwBatt/?comment_id=17961563851010870
30;;tamaeren;17.07.18 20:26:11;0;@reanperada;https://www.instagram.com/p/BlVURvwBatt/?comment_id=17853403273277045
31;;elahiashique;17.07.18 20:31:10;0;Can't wait for this ???????;https://www.instagram.com/p/BlVURvwBatt/?comment_id=17960851429030483
32;;katielyncch;17.07.18 20:33:25;0;@luvablegeorgie;https://www.instagram.com/p/BlVURvwBatt/?comment_id=17901471652207819
33;;marjachaves_;17.07.18 20:38:10;2;@dansaigg @rayantunes @fredericodelano;https://www.instagram.com/p/BlVURvwBatt/?comment_id=17961382720014934
34;;amy_rj9;17.07.18 20:46:04;0;@tio_yisus_real y quien dijo que no me gusta?;https://www.instagram.com/p/BlVURvwBatt/?comment_id=17961088372047755
35;;tio_yisus_real;17.07.18 20:47:04;0;@amy_rj9 ,¿Quieres ir a verla conmigo?;https://www.instagram.com/p/BlVURvwBatt/?comment_id=17962337701049291
36;;amy_rj9;17.07.18 20:48:20;0;@tio_yisus_real claro pero tu me debes una de marvel;https://www.instagram.com/p/BlVURvwBatt/?comment_id=17947178881108077
37;;tio_yisus_real;17.07.18 20:48:49;0;@amy_rj9 Rayos... Pensé que lo habías olvidado pero va. XD;https://www.instagram.com/p/BlVURvwBatt/?comment_id=17851529728300906
38;;nickmatthews10;17.07.18 21:07:41;0;I’m worried they’re gonna add drama that never exhausted IRL.?? The band fussed a lot but not as serious as a brawl. Btw we are the champions sounded so much sadder with that “what if I don’t have time” line ??;https://www.instagram.com/p/BlVURvwBatt/?comment_id=17927147386173705
39;;rosevirginello;17.07.18 21:08:12;0;@dudavirginello  @virginello;https://www.instagram.com/p/BlVURvwBatt/?comment_id=17940622741095246
40;;sailor_trashcan;17.07.18 21:31:45;6;@theflirtycurvy anyone who judges any of us for crying at this move is getting tossed.;https://www.instagram.com/p/BlVURvwBatt/?comment_id=17946048949114611
41;;thlostgirl;17.07.18 21:44:03;0;MANO DO CEEEEU;https://www.instagram.com/p/BlVURvwBatt/?comment_id=17961642697011764
42;;vickiedavis3;17.07.18 21:45:11;0;Can’t wait to see this;https://www.instagram.com/p/BlVURvwBatt/?comment_id=17962944448056186
43;;anarchist_bill;17.07.18 21:47:47;0;I'm so hyped!;https://www.instagram.com/p/BlVURvwBatt/?comment_id=17889756640226218
44;;inflo1;17.07.18 21:50:59;1;"Rami/Freddie: ""What if I don't have time?"" Me: ??????????????????";https://www.instagram.com/p/BlVURvwBatt/?comment_id=17941050493084241
45;;anarchist_bill;17.07.18 21:52:24;0;@jackyrsticks @tre_hains @the_jacob_radke;https://www.instagram.com/p/BlVURvwBatt/?comment_id=17958558757065235
46;;confusingtimeline;17.07.18 21:59:20;0;@mandyblest pretty excited about it. Actually looks like they did a good job;https://www.instagram.com/p/BlVURvwBatt/?comment_id=17927136280169329
47;;charnold0623;17.07.18 22:15:16;0;@thel.v.l;https://www.instagram.com/p/BlVURvwBatt/?comment_id=17934788086151707
48;;kinga.plochocka;17.07.18 22:28:10;1;Yeah 2nd November and I'm due in 30th hahaha @scotland_explore you must go with me on 2nd i case if so so ?????? Can't miss this movie!;https://www.instagram.com/p/BlVURvwBatt/?comment_id=17956572709065870
49;;karentully;17.07.18 22:37:13;0;@gregoryjwlawton have you seen the trailer yet x;https://www.instagram.com/p/BlVURvwBatt/?comment_id=17941576435080584
50;;ninanicholle_krikles;17.07.18 23:00:51;0;@jselkirk ??????;https://www.instagram.com/p/BlVURvwBatt/?comment_id=17929515376163701
51;;deborahdeka;17.07.18 23:00:55;0;@fernandacieslak nao entendi? É filme?;https://www.instagram.com/p/BlVURvwBatt/?comment_id=17901935986205293
52;;art_ofdark;17.07.18 23:06:55;0;??????????????????? i love it!;https://www.instagram.com/p/BlVURvwBatt/?comment_id=17947854619110263
53;;mvnd_fvck;17.07.18 23:19:34;0;@k.amilyles;https://www.instagram.com/p/BlVURvwBatt/?comment_id=17947083523107738
54;;jreducosta;17.07.18 23:20:02;1;@rebelballero.t;https://www.instagram.com/p/BlVURvwBatt/?comment_id=17940614002091622
55;;april_gastelum;17.07.18 23:21:19;1;@cherrry_bomb96 ??;https://www.instagram.com/p/BlVURvwBatt/?comment_id=17934261736188739
56;;_themossgarden;17.07.18 23:24:29;0;@mvnd_fvck ??;https://www.instagram.com/p/BlVURvwBatt/?comment_id=17901300382202201
57;;amy_rj9;17.07.18 23:31:10;1;@tio_yisus_real jajaja nunca olvidaré alguna peli de marvel;https://www.instagram.com/p/BlVURvwBatt/?comment_id=17947085314115504
58;;laalorss;17.07.18 23:34:13;0;@el_botas_almaraz espero vengas para ir al estreno he;https://www.instagram.com/p/BlVURvwBatt/?comment_id=17944583962124638
59;;samantha.dancer;17.07.18 23:38:53;0;THE BOHEMIAN RHAPSODY IS MY FAVORITE SONG IN THE WORLD!;https://www.instagram.com/p/BlVURvwBatt/?comment_id=17932675861149398
60;;ahilysan;17.07.18 23:40:34;0;@sara_rahe i'm ready!!;https://www.instagram.com/p/BlVURvwBatt/?comment_id=17934548191190778
61;;hisqueenandhesmyking;17.07.18 23:53:48;0;??????need this!??;https://www.instagram.com/p/BlVURvwBatt/?comment_id=17944509454120809
62;;krlitaax;17.07.18 23:54:03;0;@skullpi @danniecandy;https://www.instagram.com/p/BlVURvwBatt/?comment_id=17960514805019741
63;;evandro_hnk;18.07.18 00:01:53;1;@tony_carlos97 SIIIM ! MAGNÍFICO;https://www.instagram.com/p/BlVURvwBatt/?comment_id=17870460352258667
64;;markjimayo;18.07.18 00:11:17;1;@pemalyn we are there;https://www.instagram.com/p/BlVURvwBatt/?comment_id=17887075330240321
65;;sf_field;18.07.18 00:11:47;0;@seabunny12 meh;https://www.instagram.com/p/BlVURvwBatt/?comment_id=17862505720270410
66;;katemayorga;18.07.18 00:16:28;0;Wish it was more true life from what I’ve read but Freddie is a legend and I can’t wait for November;https://www.instagram.com/p/BlVURvwBatt/?comment_id=17902211221202309
67;;niknak1224;18.07.18 00:21:34;1;@cupcakewithsprinkles86 before you go home from your trip here please let's go see this movie together!!!!!!!!! It's gonna be awesome!!!!;https://www.instagram.com/p/BlVURvwBatt/?comment_id=17887954258238997
68;;cupcakewithsprinkles86;18.07.18 00:23:29;1;@niknak1224 oh hell yes!!!! I'm down!!!!;https://www.instagram.com/p/BlVURvwBatt/?comment_id=17963525938026441
69;;theonlyphilpot;18.07.18 00:29:35;0;It’s beautiful;https://www.instagram.com/p/BlVURvwBatt/?comment_id=17936414635185286
70;;alfredpilgrim;18.07.18 00:35:13;0;@claudspimonkey;https://www.instagram.com/p/BlVURvwBatt/?comment_id=17960451268006253
71;;cherrry_bomb69;18.07.18 00:35:25;0;@april_gastelum I can’t wait!!;https://www.instagram.com/p/BlVURvwBatt/?comment_id=17932109896177013
72;;norbertominelli;18.07.18 00:43:16;0;???????? HYPEEE;https://www.instagram.com/p/BlVURvwBatt/?comment_id=17931904591182208
73;;bricens_;18.07.18 01:02:22;0;@alonsobrice;https://www.instagram.com/p/BlVURvwBatt/?comment_id=17931839449155401
74;;lauriet777;18.07.18 01:12:06;0;@lllloveli;https://www.instagram.com/p/BlVURvwBatt/?comment_id=17960445688055255
75;;jordancsous;18.07.18 01:16:10;0;@_mouzinho sabe aquela lista de 5 shows para ir q fizemos um dia? Tô considerando esse filme como um presente pro meu top 3 e minha paixão britânica ??;https://www.instagram.com/p/BlVURvwBatt/?comment_id=17935020922134547
76;;larissanpires;18.07.18 01:25:52;0;@roseeuzebiou2;https://www.instagram.com/p/BlVURvwBatt/?comment_id=17959195207033443
77;;kristenxemily;18.07.18 01:31:26;1;@jclyn30 we need to go see this;https://www.instagram.com/p/BlVURvwBatt/?comment_id=17936246800142545
78;;pilotgundam;18.07.18 01:33:35;0;??????????;https://www.instagram.com/p/BlVURvwBatt/?comment_id=17960378401059070
79;;toe_knee_alves;18.07.18 01:35:58;0;@lexii57 well thanks for telling me about it... ??;https://www.instagram.com/p/BlVURvwBatt/?comment_id=17961301057045420
80;;dava.sheehan;18.07.18 02:02:10;0;Movie looks AMAZING - can’t wait!!!!;https://www.instagram.com/p/BlVURvwBatt/?comment_id=17935442602185237
81;;kiki_the_stylist;18.07.18 02:03:36;0;@cristina.delgado_05;https://www.instagram.com/p/BlVURvwBatt/?comment_id=17962115875005338
82;;jclyn30;18.07.18 02:16:02;1;@krstn.1201 yessssss;https://www.instagram.com/p/BlVURvwBatt/?comment_id=17961727252044423
83;;ignorantpsycho;18.07.18 02:19:27;0;um i cant wait im crying;https://www.instagram.com/p/BlVURvwBatt/?comment_id=17961499756051264
84;;mammacasss;18.07.18 02:22:59;0;@travimama @bass_dad  I can’t feel my face;https://www.instagram.com/p/BlVURvwBatt/?comment_id=17844840232303143
85;;lllloveli;18.07.18 02:28:54;1;@lauriet777 ????;https://www.instagram.com/p/BlVURvwBatt/?comment_id=17872634578254145
86;;maria_b64;18.07.18 02:29:25;0;Fuck hurry November;https://www.instagram.com/p/BlVURvwBatt/?comment_id=17932303783153615
87;;suyi_305;18.07.18 02:30:07;0;@the_socialrejects;https://www.instagram.com/p/BlVURvwBatt/?comment_id=17960088937032485
88;;jessiquinhavboas;18.07.18 02:37:54;1;@loirabranquelalongamagrela bem que eu queria, mas quem me dera hahaha ainwww, vou te gravar áudio!!!! Soul sister Queen!!! ??????;https://www.instagram.com/p/BlVURvwBatt/?comment_id=17899062196216328
89;;caitlyn.reynoso;18.07.18 02:42:57;0;I can’t wait omggg;https://www.instagram.com/p/BlVURvwBatt/?comment_id=17919615712198363
90;;ant_disantis;18.07.18 02:54:48;1;@donalyndoy;https://www.instagram.com/p/BlVURvwBatt/?comment_id=17935584613139543
91;;rose_anne_uh;18.07.18 02:56:47;0;This will be the only movie would rush to see in theaters instead of waiting for it on Netflix. I don't care if it ends up sucking, I will make excuses for loving it.  I can't wait. ??;https://www.instagram.com/p/BlVURvwBatt/?comment_id=17862485515266130
92;;shmorgishboards83;18.07.18 03:15:04;1;@crashlee143;https://www.instagram.com/p/BlVURvwBatt/?comment_id=17960775526063589
93;;alexandra.wallis;18.07.18 03:27:36;0;I’m so ready man, can’t wait to see it in theaters;https://www.instagram.com/p/BlVURvwBatt/?comment_id=17853407959274070
94;;amysdodgen;18.07.18 03:34:49;0;Freddie - you are missed.;https://www.instagram.com/p/BlVURvwBatt/?comment_id=17883854170244093
95;;vincent.lesmeister;18.07.18 03:39:49;0;@sophie_bromsekloethen !!! ??;https://www.instagram.com/p/BlVURvwBatt/?comment_id=17902815517200827
96;;the_socialrejects;18.07.18 04:35:35;1;I knowww I’m so excited!!;https://www.instagram.com/p/BlVURvwBatt/?comment_id=17935872622186298
97;;uberaga;18.07.18 05:27:54;0;@eceyerebasmaz;https://www.instagram.com/p/BlVURvwBatt/?comment_id=17961458245025768
98;;answeritsmelissa;18.07.18 05:50:10;0;@atimeforemily this is either going to be amazing or total trash. Let’s see it together!;https://www.instagram.com/p/BlVURvwBatt/?comment_id=17937314398141089
99;;eceyerebasmaz;18.07.18 06:05:58;0;@uberaga ??????;https://www.instagram.com/p/BlVURvwBatt/?comment_id=17946880597117169
100;;j_live85;18.07.18 06:26:45;0;I’M SOOOOO READY!!!;https://www.instagram.com/p/BlVURvwBatt/?comment_id=17947139578115504
101;;travelinmicktattoo;18.07.18 07:14:58;0;@sana_sakura_official OMG ??;https://www.instagram.com/p/BlVURvwBatt/?comment_id=17932809403149606
102;;sana_sakura_official;18.07.18 07:20:07;0;@travelinmicktattoo goosebumps!!???;https://www.instagram.com/p/BlVURvwBatt/?comment_id=17955876190071875
103;;val_loves_coffee;18.07.18 08:02:00;0;This is his best performance EVER! If he doesn’t win an Oscar for this, something is SERIOUSLY more wrong with Hollywood than we originally thought! Can’t wait to see it!;https://www.instagram.com/p/BlVURvwBatt/?comment_id=17959702591008363
104;;coryino;18.07.18 08:05:57;0;@tomtomphenomonon we are all legends;https://www.instagram.com/p/BlVURvwBatt/?comment_id=17947108432097369
105;;sophie_sensenhauer;18.07.18 08:06:07;1;@vincent.lesmeister aaawh veeeet!!!!;https://www.instagram.com/p/BlVURvwBatt/?comment_id=17960805916004255
106;;gregoryjwlawton;18.07.18 08:26:26;1;@karentully i have cant wait to see it! ????;https://www.instagram.com/p/BlVURvwBatt/?comment_id=17844880933301267
107;;farahmerhi25;18.07.18 08:55:19;0;@janet_rana;https://www.instagram.com/p/BlVURvwBatt/?comment_id=17944569097126449
108;;aldersonxx;18.07.18 08:55:43;0;HAR?KAAAAAA;https://www.instagram.com/p/BlVURvwBatt/?comment_id=17961160750024997
109;;donnaspongebob;18.07.18 09:21:51;1;@themaxiepad totally agree...painstakingly getting Live Aid spot on and then this glaring mistake!!;https://www.instagram.com/p/BlVURvwBatt/?comment_id=17953476367073303
110;;fauzia_permatasari;18.07.18 09:33:01;0;????????;https://www.instagram.com/p/BlVURvwBatt/?comment_id=17933092573147022
111;;janet_rana;18.07.18 10:26:01;0;@farahmerhi25 oh wow! I've got to see this.... It would be perfect to see it with you ????;https://www.instagram.com/p/BlVURvwBatt/?comment_id=17900783014211685
112;;cathylanfur;18.07.18 10:30:33;0;Omg I can't wait.  And I am 61 years old!!!!!;https://www.instagram.com/p/BlVURvwBatt/?comment_id=17934440332190292
113;;djwillymumbai;18.07.18 11:01:36;0;Can’t wait @bohemianrhapsodymovie ?????? love from India ????;https://www.instagram.com/p/BlVURvwBatt/?comment_id=17957001358067678
114;;djwillymumbai;18.07.18 11:05:48;1;@a.anaamah absolutely dear ?? we in india ???? are big fans of @officialqueenmusic ?? can’t wait to watch the journey of this legend #freddiemercury ??;https://www.instagram.com/p/BlVURvwBatt/?comment_id=17853487975275129
115;;roni.nalley;18.07.18 11:07:59;0;I know exactly where I’m going to be November 2nd!;https://www.instagram.com/p/BlVURvwBatt/?comment_id=17962006153015293
116;;yvonne.gemmink;18.07.18 11:10:23;0;@anouk.gemmink nieuwe trailer ????????;https://www.instagram.com/p/BlVURvwBatt/?comment_id=17944041049120583
117;;tmaxey33;18.07.18 11:24:55;0;@hirangohiran ??;https://www.instagram.com/p/BlVURvwBatt/?comment_id=17947767211117269
118;;dis.muke;18.07.18 12:23:47;0;Is it weird for a black kid to like QUEEN bc i do;https://www.instagram.com/p/BlVURvwBatt/?comment_id=17853434659278318
119;;givonnevela;18.07.18 13:28:23;1;@rolavare;https://www.instagram.com/p/BlVURvwBatt/?comment_id=17961232375029613
120;;emanuell.sirpatrick;18.07.18 13:33:10;0;@jordancsous shooow;https://www.instagram.com/p/BlVURvwBatt/?comment_id=17902144429206948
121;;givonnevela;18.07.18 13:37:24;0;@naviemejia;https://www.instagram.com/p/BlVURvwBatt/?comment_id=17930397988167732
122;;rolavare;18.07.18 13:40:23;0;@givonnevela ya la vi;https://www.instagram.com/p/BlVURvwBatt/?comment_id=17887947628237291
123;;kittypackard;18.07.18 15:48:27;0;I literally have chills watching this!!!??????????????????????;https://www.instagram.com/p/BlVURvwBatt/?comment_id=17943808045122194
124;;bbuenos.nachoss;18.07.18 16:22:33;0;YESSSSSS;https://www.instagram.com/p/BlVURvwBatt/?comment_id=17962340158017944
125;;tom_dodge;18.07.18 16:55:54;0;@deaniedodge cameo by Mike Myers ????;https://www.instagram.com/p/BlVURvwBatt/?comment_id=17966336002039757
126;;xaliciawalker;18.07.18 16:58:59;0;I can watch this all day!!!;https://www.instagram.com/p/BlVURvwBatt/?comment_id=17961991072044834
127;;_winddancer_;18.07.18 17:25:47;0;"""Roger, There's only room in this band for one hysterical queen "" ??";https://www.instagram.com/p/BlVURvwBatt/?comment_id=17940658546090599
128;;drewsalas;18.07.18 17:38:58;1;@brittnayorr @backoffjim;https://www.instagram.com/p/BlVURvwBatt/?comment_id=17918034559195306
129;;jamiee_dd;18.07.18 17:39:04;0;@waxashin;https://www.instagram.com/p/BlVURvwBatt/?comment_id=17940728737088831
130;;brittnayorr;18.07.18 17:44:37;0;@drewsalas hell yeah;https://www.instagram.com/p/BlVURvwBatt/?comment_id=17963094955044317
131;;ashleyporterx;18.07.18 18:55:29;0;@23sb;https://www.instagram.com/p/BlVURvwBatt/?comment_id=17974459231050946
132;;_solar._.slimes;18.07.18 19:11:01;0;YESSSSSS;https://www.instagram.com/p/BlVURvwBatt/?comment_id=17933041519177724
133;;_themichaelangelo_;18.07.18 19:42:54;0;@hangmansj0ke;https://www.instagram.com/p/BlVURvwBatt/?comment_id=17870421478258904
134;;rebeccacaldehed;18.07.18 19:49:40;0;@simoonhell !!!;https://www.instagram.com/p/BlVURvwBatt/?comment_id=17948002360102924
135;;rebeccacaldehed;18.07.18 19:49:42;0;@simoonhell !!!;https://www.instagram.com/p/BlVURvwBatt/?comment_id=17899566793219360
136;;edgardcscopacasa;18.07.18 20:01:20;0;@edgardscopacasa ????;https://www.instagram.com/p/BlVURvwBatt/?comment_id=17932136161159321
137;;evie_e_horne;18.07.18 20:04:06;0;@cdschell I’m so excited for this ????;https://www.instagram.com/p/BlVURvwBatt/?comment_id=17962551868030714
138;;nobuttbrookee;18.07.18 20:06:46;0;@k.jaeger.11;https://www.instagram.com/p/BlVURvwBatt/?comment_id=17961123172032057
139;;kjaeger.11;18.07.18 20:07:59;0;@nobuttbrookee ????;https://www.instagram.com/p/BlVURvwBatt/?comment_id=17932229359152328
140;;cdschell;18.07.18 20:08:32;1;@evie_coreas yas girl! Right around my birthday!;https://www.instagram.com/p/BlVURvwBatt/?comment_id=17960611390062507
141;;hippienao;18.07.18 20:11:10;1;@theflirtycurvy me too?? I was smiling so hard until he said that.;https://www.instagram.com/p/BlVURvwBatt/?comment_id=17888920291232686
142;;neyruskaaa;18.07.18 20:18:16;0;@brancoconde;https://www.instagram.com/p/BlVURvwBatt/?comment_id=17936135509139074
143;;frick144223;18.07.18 20:27:15;0;YES;https://www.instagram.com/p/BlVURvwBatt/?comment_id=17936368003139204
144;;frick144223;18.07.18 20:27:19;0;I can’t wait;https://www.instagram.com/p/BlVURvwBatt/?comment_id=17863059007270313
145;;evie_e_horne;18.07.18 20:47:13;1;@cdschell lettuce go;https://www.instagram.com/p/BlVURvwBatt/?comment_id=17862823417266475
146;;cillececille14;18.07.18 20:49:08;0;Legend lives on!???;https://www.instagram.com/p/BlVURvwBatt/?comment_id=17931565687154952
147;;lauriet777;18.07.18 21:13:05;1;@lllloveli ??????;https://www.instagram.com/p/BlVURvwBatt/?comment_id=17933462023149573
148;;audreygracebb;18.07.18 22:03:59;0;@jace_kenn;https://www.instagram.com/p/BlVURvwBatt/?comment_id=17887847716234467
149;;groovy_betty;18.07.18 22:10:33;0;IM READY;https://www.instagram.com/p/BlVURvwBatt/?comment_id=17936226082187089
150;;marissa_meiring;18.07.18 23:10:21;0;I told you it was legendary!!!! @ken.gephart;https://www.instagram.com/p/BlVURvwBatt/?comment_id=17961460768020213
151;;sineadgorman89;18.07.18 23:14:00;0;@bredapickett;https://www.instagram.com/p/BlVURvwBatt/?comment_id=17889287320230536
152;;flopsbyter;18.07.18 23:28:17;0;@llulabyforstars ??????;https://www.instagram.com/p/BlVURvwBatt/?comment_id=17845044928302306
153;;reyna_rae;19.07.18 00:08:35;1;Hahaha @beeezmo I’m definitely going to see this.;https://www.instagram.com/p/BlVURvwBatt/?comment_id=17870574199259429
154;;krbzn;19.07.18 00:23:20;1;@maddieannev;https://www.instagram.com/p/BlVURvwBatt/?comment_id=17932971898178313
155;;s__soucy;19.07.18 00:42:39;1;@suqmydiquee;https://www.instagram.com/p/BlVURvwBatt/?comment_id=17962420606056133
156;;justt_beee;19.07.18 01:31:36;0;@reyna_rae doooo it !!!;https://www.instagram.com/p/BlVURvwBatt/?comment_id=17937102256191576
157;;kyyle_harris;19.07.18 01:48:44;0;@adamsimpson28;https://www.instagram.com/p/BlVURvwBatt/?comment_id=17845093537303262
158;;nancydwiyanti_;19.07.18 02:07:14;0;Must watch @farrah.dillah;https://www.instagram.com/p/BlVURvwBatt/?comment_id=17873017798247904
159;;giopontifan;19.07.18 02:10:16;0;Love this. This is going to be a great picture;https://www.instagram.com/p/BlVURvwBatt/?comment_id=17961060997014321
160;;mikaylaaak;19.07.18 02:11:41;1;@koenig_steph;https://www.instagram.com/p/BlVURvwBatt/?comment_id=17953784125075819
161;;thezeusking;19.07.18 02:17:39;2;@dzaicek ok, I got goosebumps. Idk if I can see this;https://www.instagram.com/p/BlVURvwBatt/?comment_id=17935962079143608
162;;besthen;19.07.18 02:39:09;0;@easmucker @emilycharles_nyc oh my holy heck...I can not wait for this movie!!;https://www.instagram.com/p/BlVURvwBatt/?comment_id=17960115304053339
163;;dzaicek;19.07.18 02:58:28;0;@thezeusking I am counting the days ??????????????;https://www.instagram.com/p/BlVURvwBatt/?comment_id=17862663454266089
164;;emilyynyyc;19.07.18 03:01:56;0;@besthen omg!!!! I can’t wait either!!! And I love rami malek too!!!;https://www.instagram.com/p/BlVURvwBatt/?comment_id=17888896510231009
165;;cherry.cupid.crissie;19.07.18 03:13:32;0;I'm crying... This is amazing!!! I need to see this movie now!! ???;https://www.instagram.com/p/BlVURvwBatt/?comment_id=17853763045272776
166;;queenuca;19.07.18 03:30:56;0;@willrik;https://www.instagram.com/p/BlVURvwBatt/?comment_id=17947323478106769
167;;oliviafparker;19.07.18 05:02:21;1;@banana_underground did I just see Aiden Gillian?;https://www.instagram.com/p/BlVURvwBatt/?comment_id=17872064311253582
168;;atilio390;19.07.18 06:05:22;0;Tbh it'll be Rated R, I already know this anyone else agree ?;https://www.instagram.com/p/BlVURvwBatt/?comment_id=17845078495302418
169;;semoga_cepat_kaya;19.07.18 06:26:58;0;@daniels_lim @ekyncheung12 @flowervibes Harus Nonton nih.. ???;https://www.instagram.com/p/BlVURvwBatt/?comment_id=17927585383173118
170;;ekyncheung;19.07.18 06:28:50;1;@semoga_cepat_kaya lebih tertarik christopher robin;https://www.instagram.com/p/BlVURvwBatt/?comment_id=17960964508040360
171;;semoga_cepat_kaya;19.07.18 06:39:05;0;@ekyncheung12 Film apa Itu?;https://www.instagram.com/p/BlVURvwBatt/?comment_id=17935734229139205
172;;ekyncheung;19.07.18 10:52:31;1;@semoga_cepat_kaya winnie the pooh the movie ??;https://www.instagram.com/p/BlVURvwBatt/?comment_id=17901122233208502
173;;semoga_cepat_kaya;19.07.18 10:52:57;0;@ekyncheung12 ooo. Iya saya tau;https://www.instagram.com/p/BlVURvwBatt/?comment_id=17948050021098809
174;;anitamamz;19.07.18 11:09:12;0;@zac.mam26;https://www.instagram.com/p/BlVURvwBatt/?comment_id=17941022200084116
175;;juanjoseprieto;19.07.18 11:11:55;0;No voy hacer una estrella de rock , voy a ser una leyenda ! Clarooo normal ! @kevins130;https://www.instagram.com/p/BlVURvwBatt/?comment_id=17930110243160899
176;;juanjoseprieto;19.07.18 11:13:43;0;No voy a ser una estrella de rock , voy a ser una leyenda ! Claroooo normal ! @kevins130;https://www.instagram.com/p/BlVURvwBatt/?comment_id=17853802621275265
177;;ekyncheung;19.07.18 11:14:29;1;@semoga_cepat_kaya iya soalnya rani suka film itu, jd mau cb ajak hhe;https://www.instagram.com/p/BlVURvwBatt/?comment_id=17934050038185252
178;;sethyewkuanyangjew;19.07.18 11:30:43;0;Legend in freddy mercury;https://www.instagram.com/p/BlVURvwBatt/?comment_id=17961752308029562
179;;elahlaland;19.07.18 12:15:24;0;@hairbyhollieee!!!!;https://www.instagram.com/p/BlVURvwBatt/?comment_id=17927953201174687
180;;nabilahzhrh;19.07.18 12:18:56;0;YASHHHHH????????;https://www.instagram.com/p/BlVURvwBatt/?comment_id=17900026918208947
181;;mariajosecolon;19.07.18 12:44:12;0;?;https://www.instagram.com/p/BlVURvwBatt/?comment_id=17900149318208378
182;;bear_brose;19.07.18 12:45:34;0;@natwhiley - what you doing on 24 October???;https://www.instagram.com/p/BlVURvwBatt/?comment_id=17919152278197596
183;;nandarhm;19.07.18 13:25:05;0;@imanrahmanf;https://www.instagram.com/p/BlVURvwBatt/?comment_id=17945037127122520
184;;victoria_stetskevych;19.07.18 13:32:43;0;OMG!!!!!!! Wow!!!!!!!!!!!!!! Yes!!!!!!!!!!!!!!!!!!!!!! I can't wait to watch this movie!!!!!!!!!!!!!!!!!!!!!!!!!! Yeah!!!!!!!!!!!!!!;https://www.instagram.com/p/BlVURvwBatt/?comment_id=17961402334004754
185;;natwhiley;19.07.18 14:17:44;0;@bear_brose yeh!!!;https://www.instagram.com/p/BlVURvwBatt/?comment_id=17941526662095052
186;;djaleesh;19.07.18 15:50:04;0;@themegmartino whattt;https://www.instagram.com/p/BlVURvwBatt/?comment_id=17962360342053276
187;;bear_brose;19.07.18 16:50:29;0;@natwhiley pencil it in now !!!!;https://www.instagram.com/p/BlVURvwBatt/?comment_id=17927664643175525
188;;bear_brose;19.07.18 16:52:45;0;@natwhiley pencil it in now !!!!;https://www.instagram.com/p/BlVURvwBatt/?comment_id=17853847102278748
189;;everandeverfilms;19.07.18 18:27:26;0;I’m actually really looking forward to this movie! When I was a kid I used to “play along” on a tennis racket to their two Greatest Hits releases on cassette til my hands cracked!!;https://www.instagram.com/p/BlVURvwBatt/?comment_id=17888759269226782
190;;carlacibelisantiago;19.07.18 19:11:10;0;Legal;https://www.instagram.com/p/BlVURvwBatt/?comment_id=17947593967098556
191;;joefano;19.07.18 19:37:11;0;@lauren.fano;https://www.instagram.com/p/BlVURvwBatt/?comment_id=17931923500167267
192;;ogpachuco562;19.07.18 20:06:25;0;??????;https://www.instagram.com/p/BlVURvwBatt/?comment_id=17888465659235910
193;;howcloseareyou;19.07.18 21:52:28;0;@theflirtycurvy sameeee????;https://www.instagram.com/p/BlVURvwBatt/?comment_id=17888941093233351
194;;uni_retno;19.07.18 23:32:32;0;@milana.lau masih lama yaaaa;https://www.instagram.com/p/BlVURvwBatt/?comment_id=17961547831013458
195;;vimalai21;20.07.18 01:02:57;1;@gdcruiser;https://www.instagram.com/p/BlVURvwBatt/?comment_id=17945739721116254
196;;gdcruiser;20.07.18 01:07:35;0;@vimalai21 I have been ready since I have known of it!;https://www.instagram.com/p/BlVURvwBatt/?comment_id=17935573546185862
197;;_jessyj318_;20.07.18 02:13:16;0;So excited for this movie!!! ??;https://www.instagram.com/p/BlVURvwBatt/?comment_id=17944644505123947
198;;pretosoario;20.07.18 04:58:57;0;@naahvianna__;https://www.instagram.com/p/BlVURvwBatt/?comment_id=17963986840053457
199;;robert7rosas;20.07.18 05:16:21;0;Hell yes! So excited for this! Real music from one of the best bands brought to life in movie form! #fucktodaysmusic #fuckrap!;https://www.instagram.com/p/BlVURvwBatt/?comment_id=17945306149122003
200;;magickalbabe;20.07.18 06:29:41;0;Can’t fucking wait ??;https://www.instagram.com/p/BlVURvwBatt/?comment_id=17888814283233255
201;;tuncaasila;20.07.18 08:57:37;0;when the we will rock you came out freddie hasn't got any mustache;https://www.instagram.com/p/BlVURvwBatt/?comment_id=17854011430276368
202;;am.rita_prasad;20.07.18 14:08:17;1;@talk_toooomuch;https://www.instagram.com/p/BlVURvwBatt/?comment_id=17871382249256469
203;;nandinik2312;20.07.18 14:09:50;0;@am_rita.pdf wanna go??;https://www.instagram.com/p/BlVURvwBatt/?comment_id=17961674146027043
204;;simon_malzard;20.07.18 16:08:55;0;@marjanfamili @moonlight_fa;https://www.instagram.com/p/BlVURvwBatt/?comment_id=17960501863029915
205;;ainewestod.365;20.07.18 17:40:27;0;105 days away;https://www.instagram.com/p/BlVURvwBatt/?comment_id=17889816556226367
206;;mhoeneveld;20.07.18 19:09:10;0;@josien_cu2;https://www.instagram.com/p/BlVURvwBatt/?comment_id=17944755940120573
207;;josien_cu2;20.07.18 19:44:59;0;@mhoeneveld88 toevallig liet Willem jan de trailer zien gister,daar kunnen we wel weer wat mee!??;https://www.instagram.com/p/BlVURvwBatt/?comment_id=17843638066281010
208;;nikakloppers;20.07.18 20:12:28;0;@harrystyles the movie made for you;https://www.instagram.com/p/BlVURvwBatt/?comment_id=17964189169057285
209;;chitchcock13;20.07.18 20:14:21;0;@hitch513 we need to go see this!!;https://www.instagram.com/p/BlVURvwBatt/?comment_id=17948399281099521
210;;beccakasun;20.07.18 20:37:31;6;@koszy_5 you better believe I'll be singing along in the movie theater;https://www.instagram.com/p/BlVURvwBatt/?comment_id=17947792981116411
211;;koszy_5;20.07.18 20:38:34;2;@beccakasun we need to go together;https://www.instagram.com/p/BlVURvwBatt/?comment_id=17889376159236074
212;;beccakasun;20.07.18 21:00:46;1;@koszy_5 done and done. We are going to make it a sing along!;https://www.instagram.com/p/BlVURvwBatt/?comment_id=17873867590247526
213;;aandersen_81;21.07.18 01:22:00;1;@badriver_jp @kkjohns102 @jessdravland - Save. The. Date.;https://www.instagram.com/p/BlVURvwBatt/?comment_id=17845521445303576
214;;raditya.yudhaprawira;21.07.18 03:06:24;1;@agustinus.budi @fuckrul.rack_man;https://www.instagram.com/p/BlVURvwBatt/?comment_id=17936249752141873
215;;fuckrul.rack_man;21.07.18 03:10:11;0;@raditya.yudhaprawira sudah liat trailernya...harus nonton, tapi nunggu kiriman tiket nya dari Bpk @raditya.yudhaprawira...ya kalo @annafitriiiani?;https://www.instagram.com/p/BlVURvwBatt/?comment_id=17941379188088477
216;;agustinus.budi;21.07.18 04:03:07;0;@raditya.yudhaprawira tiket gue pesen langsung dari Enggris ????;https://www.instagram.com/p/BlVURvwBatt/?comment_id=17961900049054135
217;;glorene2;21.07.18 05:20:44;0;@veerandwander ??????;https://www.instagram.com/p/BlVURvwBatt/?comment_id=17937283792187327
218;;classicrockdreams;21.07.18 12:48:42;0;I’m so ready for this @joseph.s._;https://www.instagram.com/p/BlVURvwBatt/?comment_id=17957726794064301
219;;_josephschroeder_;21.07.18 13:03:18;0;@classicrockdreams same!!;https://www.instagram.com/p/BlVURvwBatt/?comment_id=17863647466267141
220;;wesleysats;21.07.18 15:25:07;0;Mano, puta que pariu todo mundooooo;https://www.instagram.com/p/BlVURvwBatt/?comment_id=17935807393184812
221;;tishaamadeus;21.07.18 15:36:15;0;@jana.nsour actually being made a movie;https://www.instagram.com/p/BlVURvwBatt/?comment_id=17872549837250920
222;;martyb12;22.07.18 00:03:40;0;@charley_._mel_mn_n ?? we got to watch this!;https://www.instagram.com/p/BlVURvwBatt/?comment_id=17931333757162349
223;;28vineeth;22.07.18 06:17:26;0;@a.anaamah It's out in 2019;https://www.instagram.com/p/BlVURvwBatt/?comment_id=17889341458229480
224;;hippienao;22.07.18 06:27:19;0;November 2, 2018 it’s everywhere!;https://www.instagram.com/p/BlVURvwBatt/?comment_id=17953561927077830
225;;mayu_sehgal;22.07.18 13:57:18;0;Goodness gracious. Didn't see this coming @ramimalek;https://www.instagram.com/p/BlVURvwBatt/?comment_id=17945311051123375
226;;thehomeworkclubpod;22.07.18 18:33:57;0;We can't wait for this movie!;https://www.instagram.com/p/BlVURvwBatt/?comment_id=17950703992097416
227;;francescabianchii;22.07.18 22:45:51;1;@sofiaamilanesi se non lo vediamo almeno 3 volte al cinema mi incazzo;https://www.instagram.com/p/BlVURvwBatt/?comment_id=17948437633100880
228;;aaudreychen;23.07.18 04:21:47;0;Just take my money;https://www.instagram.com/p/BlVURvwBatt/?comment_id=17963075485045999
229;;naviemejia;23.07.18 06:24:52;0;@givonnevela ??;https://www.instagram.com/p/BlVURvwBatt/?comment_id=17935726579135840
230;;linsamuelsen;23.07.18 07:34:18;0;Har vi en Bio date? ??????;https://www.instagram.com/p/BlVURvwBatt/?comment_id=17871844411257520
231;;ciamps_priv11;23.07.18 08:24:16;0;@amy.olearyy can’t wait;https://www.instagram.com/p/BlVURvwBatt/?comment_id=17933694427158168
232;;amyaa95;23.07.18 21:56:40;1;@keegan_munro11;https://www.instagram.com/p/BlVURvwBatt/?comment_id=17936149999133236
233;;keegan_munro11;23.07.18 23:28:56;0;@amyaa95 wow that looks awesome! Can't wait to see it! ????;https://www.instagram.com/p/BlVURvwBatt/?comment_id=17872052461260813
234;;isidoraxbello;24.07.18 01:50:55;0;We want jim;https://www.instagram.com/p/BlVURvwBatt/?comment_id=17901268039211914
235;;isidoraxbello;24.07.18 01:51:06;0;We want jimercury;https://www.instagram.com/p/BlVURvwBatt/?comment_id=17933250808159496
236;;feyrahgelato;24.07.18 16:03:32;0;@moatre ??;https://www.instagram.com/p/BlVURvwBatt/?comment_id=17864194351265585
237;;jeanebarfrei;24.07.18 17:05:27;0;@dudu.joaofborges;https://www.instagram.com/p/BlVURvwBatt/?comment_id=17963039614048489
238;;daniel_wal01;25.07.18 04:03:02;0;I gotta see this;https://www.instagram.com/p/BlVURvwBatt/?comment_id=17948620780098337
239;;vincent.lesmeister;27.07.18 10:27:16;0;@brianheist;https://www.instagram.com/p/BlVURvwBatt/?comment_id=17936511220185191
240;;hollygolightly1984;28.07.18 13:50:11;0;@ladymisstrace;https://www.instagram.com/p/BlVURvwBatt/?comment_id=17963996668004797
241;;giopatiwara567;28.07.18 17:14:13;0;click here to download and watch, free: https://bit.ly/2LW9B7K;https://www.instagram.com/p/BlVURvwBatt/?comment_id=17943808567094750
242;;brianshii7o;28.07.18 20:20:36;0;Cada vez que veo este trailer se me eriza la piel ???????? esperando el estreno !!!;https://www.instagram.com/p/BlVURvwBatt/?comment_id=17963648686008637
243;;ladymisstrace;28.07.18 23:59:34;0;@hollygolightly1984 Eeks I can’t wait!;https://www.instagram.com/p/BlVURvwBatt/?comment_id=17955450148077160
244;;roviemaemae;29.07.18 01:05:37;0;Why im crying ???;https://www.instagram.com/p/BlVURvwBatt/?comment_id=17865489622263551
245;;ninaholt58;29.07.18 01:43:15;0;Looks freaking amazing! Can’t wait to see it;https://www.instagram.com/p/BlVURvwBatt/?comment_id=17963478619048315
246;;maryy_mapplebeckk;29.07.18 13:49:56;0;@izzymaylovett;https://www.instagram.com/p/BlVURvwBatt/?comment_id=17903324092211215
247;;izzylovett_;29.07.18 15:52:57;0;@maryymapplebeckk we better see this!!;https://www.instagram.com/p/BlVURvwBatt/?comment_id=17946728584124510
248;;filmrlife;29.07.18 16:32:08;0;The greatest entertainer and musician to ever live. He didn't just perform and entertain people,he changed the music world,he shaped it. If only he was alive...??????;https://www.instagram.com/p/BlVURvwBatt/?comment_id=17943992095086434
249;;they_call_me_amber;29.07.18 17:57:22;0;@budgiehobbies;https://www.instagram.com/p/BlVURvwBatt/?comment_id=17943898684091186
250;;rave_v_;29.07.18 22:46:41;1;Whoever makes the trailers are doing a hell of an amazing job!!;https://www.instagram.com/p/BlVURvwBatt/?comment_id=17936345644156474
251;;dromero633;30.07.18 16:36:30;0;@aracelli2  Esta reina ??;https://www.instagram.com/p/BlVURvwBatt/?comment_id=17891493007238186
252;;aracellibh;30.07.18 16:37:51;1;@dromero633 parece divertirá abra que analizar;https://www.instagram.com/p/BlVURvwBatt/?comment_id=17957320150076905
253;;dromero633;30.07.18 16:38:29;0;@aracelli2 ?? hay esperanzas ??;https://www.instagram.com/p/BlVURvwBatt/?comment_id=17930247403169047
254;;rave_v_;31.07.18 04:13:30;1;This movie makes me hate the summer time and makes me love the fall more @bohemianrhapsodymovie;https://www.instagram.com/p/BlVURvwBatt/?comment_id=17846484283282524
255;;rave_v_;31.07.18 04:15:53;0;@bohemianrhapsodymovie the trailers + the actors = domination and over excitement with joy;https://www.instagram.com/p/BlVURvwBatt/?comment_id=17892272146237150
256;;n_hary_nugraha;31.07.18 12:56:17;0;http://bit.ly/2KcLKik click to download;https://www.instagram.com/p/BlVURvwBatt/?comment_id=17930834113173650
257;;n_hary_nugraha;31.07.18 12:56:33;0;click to download : http://bit.ly/2KcLKik;https://www.instagram.com/p/BlVURvwBatt/?comment_id=17972113585015845
258;;jisean7;01.08.18 06:23:09;1;@lulumousa and the lead actor ‘ramy malek’ is from ???? ??;https://www.instagram.com/p/BlVURvwBatt/?comment_id=17966482192034247
259;;lulumousa;01.08.18 11:41:03;0;@jisean7 can’t wait to see the movie;https://www.instagram.com/p/BlVURvwBatt/?comment_id=17887393351245528
260;;roza_ml_;01.08.18 14:25:12;0;@gickyvergo;https://www.instagram.com/p/BlVURvwBatt/?comment_id=17906792650200960
261;;gickyvergo;01.08.18 15:11:11;0;@roza_ml_ to exw dei??????;https://www.instagram.com/p/BlVURvwBatt/?comment_id=17930829673174579
262;;louisgbraga;02.08.18 18:22:02;1;@juarezhjr;https://www.instagram.com/p/BlVURvwBatt/?comment_id=17945073172095126
263;;emxbxldxy;02.08.18 20:04:07;0;Can not wait to seeeee????;https://www.instagram.com/p/BlVURvwBatt/?comment_id=17951565457098557
264;;raditmahindro;03.08.18 00:00:00;0;@irsaestiana;https://www.instagram.com/p/BlVURvwBatt/?comment_id=17847351664283116
265;;albeettta05__;03.08.18 07:45:22;0;Moru Ara mateix @mariinavp07;https://www.instagram.com/p/BlVURvwBatt/?comment_id=17965958797048380
266;;i_ndy;03.08.18 11:58:25;0;Kenapa lama bgt si 2 november kan gasabar dong :'(;https://www.instagram.com/p/BlVURvwBatt/?comment_id=17904111682209785
267;;_guadacontreras;04.08.18 03:09:10;0;Oh x favor que llegue ese día ya ????????;https://www.instagram.com/p/BlVURvwBatt/?comment_id=17867361991267457
268;;elenafeuer;04.08.18 14:42:52;1;@rambling_fish thought you might wanna watch this;https://www.instagram.com/p/BlVURvwBatt/?comment_id=17958310555075705
269;;rambling_fish;04.08.18 16:48:52;0;@elenafeuer im definitely watching THIS!!;https://www.instagram.com/p/BlVURvwBatt/?comment_id=17932140193171937
270;;_beth_peacock_;05.08.18 13:10:27;0;@hannah_wildnerd not long now;https://www.instagram.com/p/BlVURvwBatt/?comment_id=17942085760137750
271;;hannah_wildnerd;05.08.18 13:12:23;0;@_beth_peacock_ it could be closer lmao;https://www.instagram.com/p/BlVURvwBatt/?comment_id=17965988968032213
272;;outrageousreb;05.08.18 15:43:15;0;@eleonoradamico_;https://www.instagram.com/p/BlVURvwBatt/?comment_id=17893370626229396
273;;viviangel2526;05.08.18 18:56:14;0;@yaguaracutojj;https://www.instagram.com/p/BlVURvwBatt/?comment_id=17939748376190605
274;;bella.cabazolo;07.08.18 01:32:15;1;I’m so ready ugh;https://www.instagram.com/p/BlVURvwBatt/?comment_id=17893932964234994
275;;teiaapascu;07.08.18 19:14:31;0;@jisean7 what country is that?;https://www.instagram.com/p/BlVURvwBatt/?comment_id=17869071202270682
276;;teiaapascu;07.08.18 19:15:34;0;"When Freddie Pushes Roger it doesn't seem to be him...why do I think that...But the moment when he says ""I don't have time"" is just sad :(";https://www.instagram.com/p/BlVURvwBatt/?comment_id=17878143856253831
277;;shawnawelsh;08.08.18 00:15:06;1;Fan girling soooo hard! This just made my year!;https://www.instagram.com/p/BlVURvwBatt/?comment_id=17962078393069465
278;;jisean7;08.08.18 04:11:36;1;@teiapascu Egypt;https://www.instagram.com/p/BlVURvwBatt/?comment_id=17937343291155409
279;;ewelewelina;08.08.18 12:54:15;0;@harold_mc1 :3;https://www.instagram.com/p/BlVURvwBatt/?comment_id=17965315582065075
280;;arsalan.husain;09.08.18 21:40:20;0;@mishaalhusain;https://www.instagram.com/p/BlVURvwBatt/?comment_id=17933522869174800
281;;arsalan.husain;09.08.18 21:40:25;0;@natashaamirr;https://www.instagram.com/p/BlVURvwBatt/?comment_id=17967484903026279
282;;mishaalhusain;09.08.18 22:11:43;1;@arsalan.husain if they do not release this in pk, i am going to be so so so sad;https://www.instagram.com/p/BlVURvwBatt/?comment_id=17938669879182902
283;;natashaamirr;09.08.18 23:09:44;1;@arsalan.husain yaay we gotta watch this;https://www.instagram.com/p/BlVURvwBatt/?comment_id=17933659276168791
284;;natashaamirr;09.08.18 23:17:06;0;@arsalan.husain yaay we gotta watch this;https://www.instagram.com/p/BlVURvwBatt/?comment_id=17950791955120579
285;;j.a.c.k.s.o.nn;10.08.18 03:15:19;1;@themaxiepad exactly they don’t know what they’re doing;https://www.instagram.com/p/BlVURvwBatt/?comment_id=17963577640065828
286;;brevup;12.08.18 15:33:18;1;@gee_oh_aro  this is the movie I was talking about! I cannot way to see it ahhh;https://www.instagram.com/p/BlVURvwBatt/?comment_id=17879974846250825
287;;marito_ojeda;14.08.18 04:32:05;0;??????????;https://www.instagram.com/p/BlVURvwBatt/?comment_id=17944552066137573
288;;valdezjr24;14.08.18 14:51:21;0;@the_ericking_experience;https://www.instagram.com/p/BlVURvwBatt/?comment_id=17941944697189875
289;;welcometoparadise_sm;14.08.18 19:45:36;0;@albaz99;https://www.instagram.com/p/BlVURvwBatt/?comment_id=17964675499071744
290;;korchaginapolly;14.08.18 19:48:35;0;"I don't understand  what say Freddie when Roger asked ""Ready Freddie? ""  heeelp please";https://www.instagram.com/p/BlVURvwBatt/?comment_id=17968784656026259
291;;kkarpisek;14.08.18 21:21:44;0;@satanbabyxx ??;https://www.instagram.com/p/BlVURvwBatt/?comment_id=17940955063177396
292;;maris_cisneros;15.08.18 23:43:14;0;@linagarza makes me smile every time;https://www.instagram.com/p/BlVURvwBatt/?comment_id=17949152923083636
293;;michkimia;16.08.18 23:37:11;0;@estherpmassachi;https://www.instagram.com/p/BlVURvwBatt/?comment_id=17941032043150320
294;;esthermvssvchi;17.08.18 01:11:51;0;@michellekimia love freddie;https://www.instagram.com/p/BlVURvwBatt/?comment_id=17935827703172025
295;;ched.beast;17.08.18 13:41:23;0;@harveyjonterry01;https://www.instagram.com/p/BlVURvwBatt/?comment_id=17970147163024760
296;;harveyjonterry;17.08.18 13:56:43;0;????????;https://www.instagram.com/p/BlVURvwBatt/?comment_id=17860376434300162
297;;meidina96;19.08.18 02:51:06;0;Yu sih @ggworo;https://www.instagram.com/p/BlVURvwBatt/?comment_id=17956960111097156
298;;georgiasummerfield__;19.08.18 12:43:35;0;@claytonmcdonald__;https://www.instagram.com/p/BlVURvwBatt/?comment_id=17864208328278731
299;;sarufdez;20.08.18 14:04:54;0;@ini.2003 jjjj as pal cine;https://www.instagram.com/p/BlVURvwBatt/?comment_id=17971055215016990
300;;_katherinetoledo;20.08.18 21:14:13;1;@tatiggomez;https://www.instagram.com/p/BlVURvwBatt/?comment_id=17973224056011633
301;;pipe_vonbodenburg;21.08.18 00:44:16;0;@benjaraneda1;https://www.instagram.com/p/BlVURvwBatt/?comment_id=17972347978019606
302;;soluria;21.08.18 01:32:18;0;@lulitrivigno;https://www.instagram.com/p/BlVURvwBatt/?comment_id=17909031211220169
303;;lulitrivigno;21.08.18 01:36:43;0;@soluria ??????????????;https://www.instagram.com/p/BlVURvwBatt/?comment_id=17943568357152878
304;;arya1031;21.08.18 02:20:36;0;@laurwils92;https://www.instagram.com/p/BlVURvwBatt/?comment_id=17950825996087695
305;;lauradawn92;21.08.18 02:26:26;0;@arya1031 I’m so excited!!!!!!!!!!;https://www.instagram.com/p/BlVURvwBatt/?comment_id=17956652374115651
306;;aniijulia_;21.08.18 02:43:59;0;@violegraziano;https://www.instagram.com/p/BlVURvwBatt/?comment_id=17944622677192075
307;;violegraziano;21.08.18 02:47:54;0;@anii__julia  siiii;https://www.instagram.com/p/BlVURvwBatt/?comment_id=17970312592044564
308;;agusfloreskemec;21.08.18 03:15:10;0;@tomasilazzaro @luli.calderon1 van conmigo;https://www.instagram.com/p/BlVURvwBatt/?comment_id=17880751294256757
309;;valentnavalle;21.08.18 05:00:10;0;@brunopersano waw;https://www.instagram.com/p/BlVURvwBatt/?comment_id=17929903279199345
310;;a.l.va.r.o;21.08.18 16:34:50;1;"@korchaginapolly ""let's do it""";https://www.instagram.com/p/BlVURvwBatt/?comment_id=17956155001119259
311;;0510sebastian;21.08.18 22:33:15;0;@adrianat0513 @claudiapg9;https://www.instagram.com/p/BlVURvwBatt/?comment_id=17942709217148425
312;;tomasilazzaro;22.08.18 00:14:01;0;@agusfloreskemec. I’m in????;https://www.instagram.com/p/BlVURvwBatt/?comment_id=17930147053195866
313;;ideasnegras;23.08.18 00:08:56;0;@lestad21;https://www.instagram.com/p/BlVURvwBatt/?comment_id=17942722903146186
314;;demijhewitt;23.08.18 11:21:11;1;@andrewjameshair November 2nd x;https://www.instagram.com/p/BlVURvwBatt/?comment_id=17937873910168204
315;;andrewjameshair;23.08.18 11:22:12;0;@demijhewitt haha you didn’t like it ! x;https://www.instagram.com/p/BlVURvwBatt/?comment_id=17952118390092017
316;;demijhewitt;23.08.18 19:08:50;0;@andrewjameshair you do and I like popcorn with maltesers so win win xx;https://www.instagram.com/p/BlVURvwBatt/?comment_id=17938534294168191
317;;thomasismyhero;24.08.18 11:32:45;0;Can’t wait @thomas_officialpage ??;https://www.instagram.com/p/BlVURvwBatt/?comment_id=17972812567018449
318;;thomasismyhero;24.08.18 11:32:48;0;Can’t wait @thomas_officialpage ??;https://www.instagram.com/p/BlVURvwBatt/?comment_id=17899699234230794
319;;thomas_inmyheart_;24.08.18 12:00:54;0;So exciting @thomas_officialpage ??????;https://www.instagram.com/p/BlVURvwBatt/?comment_id=17910088342223885
320;;burro.diarachidi;24.08.18 14:01:03;0;@danydm74 papà poi andiamo a vederlo al cinema , c’è anche Thomas nel cast, esce il 2 novembre;https://www.instagram.com/p/BlVURvwBatt/?comment_id=17972590498034909
321;;_seitulatuamusica__;24.08.18 17:40:19;0;Wow??;https://www.instagram.com/p/BlVURvwBatt/?comment_id=17944005106182098
322;;claudiapg9;24.08.18 18:01:08;0;Omg!!;https://www.instagram.com/p/BlVURvwBatt/?comment_id=17945870971185342
323;;careiris;24.08.18 18:54:47;0;Omg!!! It' fantastic trailer;https://www.instagram.com/p/BlVURvwBatt/?comment_id=17913108385203688
324;;shellsroberts;24.08.18 23:01:53;0;@mandyroberts8763 @nickyparsonsroberts;https://www.instagram.com/p/BlVURvwBatt/?comment_id=17973242062028516
325;;egundm;25.08.18 07:22:01;0;@feyzadlf;https://www.instagram.com/p/BlVURvwBatt/?comment_id=17972868499041244
326;;egundm;25.08.18 08:34:58;0;@feyzadlf aylard?r bunu bekliyorum;https://www.instagram.com/p/BlVURvwBatt/?comment_id=17972614333062000
327;;essi.elisabet;26.08.18 20:13:52;0;I CAN'T WAIT THIS ?????????????;https://www.instagram.com/p/BlVURvwBatt/?comment_id=17973316549027832
328;;jysn.music;27.08.18 17:13:04;1;I want to watch @rachellangenfeld;https://www.instagram.com/p/BlVURvwBatt/?comment_id=17914985101203992
329;;rachellangenfeld;27.08.18 18:20:01;0;@j.truong_ yeah that looks good!;https://www.instagram.com/p/BlVURvwBatt/?comment_id=17973102976028529
330;;gotofernando;28.08.18 00:36:25;0;@monica_armelin olha o trazer trailer do filme que vc vai ver cmg ... ??????;https://www.instagram.com/p/BlVURvwBatt/?comment_id=17948766427184040
331;;monica_armelin;28.08.18 00:38:49;1;@gotofernando vamos sim! ??;https://www.instagram.com/p/BlVURvwBatt/?comment_id=17875618882268130
332;;_kiek;29.08.18 00:15:57;1;@robygarciacano;https://www.instagram.com/p/BlVURvwBatt/?comment_id=17876012065267920
333;;robygarciacano;29.08.18 03:43:08;0;@_kiek ??????;https://www.instagram.com/p/BlVURvwBatt/?comment_id=17931854644199485
334;;neyacristine;30.08.18 19:39:59;1;@chayamota;https://www.instagram.com/p/BlVURvwBatt/?comment_id=17975944225039773
335;;chayamota;30.08.18 19:46:04;1;@neyacristine meu Deus! ?? Eu vi esse trailer, tô pra ficar looooooouca! Acho que vou sair do cinema no SAMU!;https://www.instagram.com/p/BlVURvwBatt/?comment_id=17949790516191455
336;;essrabayrak;31.08.18 12:19:50;0;@hozopot offfff güm güm, güm güm ????????;https://www.instagram.com/p/BlVURvwBatt/?comment_id=17970263542068880
337;;sid_beth;31.08.18 18:26:47;0;This makes me cry ??????;https://www.instagram.com/p/BlVURvwBatt/?comment_id=17973372094030101
338;;ellaaawesttt;31.08.18 21:24:49;0;I pity your wife of you think six minutes is forever;https://www.instagram.com/p/BlVURvwBatt/?comment_id=17886140623255604
339;;atilaars;01.09.18 12:04:09;0;@henrydinis;https://www.instagram.com/p/BlVURvwBatt/?comment_id=17868320581277980
340;;ilsierebolorio;01.09.18 23:45:49;1;@gguix_reb  llevame a verla plox ??????;https://www.instagram.com/p/BlVURvwBatt/?comment_id=17966324644077511
341;;gguix_8;02.09.18 03:37:28;1;@ilsierebolorio estoy tan orgullosa de ti bebé:3;https://www.instagram.com/p/BlVURvwBatt/?comment_id=17932480528197319
342;;stfisz;02.09.18 20:54:42;0;@senzalejandro;https://www.instagram.com/p/BlVURvwBatt/?comment_id=17976032662062713
343;;senzalejandro;02.09.18 21:32:36;0;????????;https://www.instagram.com/p/BlVURvwBatt/?comment_id=17975508838061927
344;;ilsierebolorio;03.09.18 02:44:25;1;@gguix_reb porque cielito :3;https://www.instagram.com/p/BlVURvwBatt/?comment_id=17975969275041808
345;;gguix_8;03.09.18 03:12:35;1;@ilsierebolorio te gustan mis gustos:3;https://www.instagram.com/p/BlVURvwBatt/?comment_id=17976616282051227
346;;lisecathrinee;03.09.18 13:58:38;2;@tinakartomten @soroshsadat ??;https://www.instagram.com/p/BlVURvwBatt/?comment_id=17877767779268811
347;;tinakartomten;03.09.18 14:00:08;1;????;https://www.instagram.com/p/BlVURvwBatt/?comment_id=17958984778126216
348;;pdthelittlelegend;03.09.18 16:02:34;0;@dr._a2sah #cantwait;https://www.instagram.com/p/BlVURvwBatt/?comment_id=17947473949178328
349;;ilsierebolorio;03.09.18 23:04:53;0;@gguix_reb ??????;https://www.instagram.com/p/BlVURvwBatt/?comment_id=17901950650242375
350;;italrasta69;04.09.18 01:13:21;0;@maryn06;https://www.instagram.com/p/BlVURvwBatt/?comment_id=17955389626084666
351;;maryn06;04.09.18 01:15:00;0;@italrasta69 I can’t wait to see this;https://www.instagram.com/p/BlVURvwBatt/?comment_id=17950027933193411
352;;italrasta69;04.09.18 01:16:03;1;@maryn06 RIGHT?!!!;https://www.instagram.com/p/BlVURvwBatt/?comment_id=17846144683293532
353;;italrasta69;04.09.18 01:16:58;0;@maryn06 we shall do VIP for this ??;https://www.instagram.com/p/BlVURvwBatt/?comment_id=17951000107184509
354;;commandernene;05.09.18 05:57:44;0;Awesome!;https://www.instagram.com/p/BlVURvwBatt/?comment_id=17950403434192539
355;;iyliashafiqah;05.09.18 16:11:25;0;@saiful_cpot jom tgk nnt.. tp xtau kat malaysia ada ke tak;https://www.instagram.com/p/BlVURvwBatt/?comment_id=17885448532258319
356;;saiful_cpot;05.09.18 23:34:45;0;@iyliashafiqah yup mmg plan nak tgk syg.best niii;https://www.instagram.com/p/BlVURvwBatt/?comment_id=17967930733077932
357;;trianaelv;06.09.18 01:09:53;0;@benvioskarino;https://www.instagram.com/p/BlVURvwBatt/?comment_id=17975749378041193
358;;nick_geezy;06.09.18 04:20:57;0;Siiick;https://www.instagram.com/p/BlVURvwBatt/?comment_id=17976665641004318
359;;mhnc.3;06.09.18 19:41:18;0;Rami ????;https://www.instagram.com/p/BlVURvwBatt/?comment_id=17949956269131336
360;;nahiara_molinas;14.09.18 01:32:50;4;@hopemixx @fioser_020 @shirleysanchez25  LLORAREMOS;https://www.instagram.com/p/BlVURvwBatt/?comment_id=17979807064038507
361;;fioser_020;14.09.18 03:06:57;2;@nahiara_molinas si o si :'v llevo luego mi caja de pañuelos;https://www.instagram.com/p/BlVURvwBatt/?comment_id=17947418548166327
362;;carlita_alz;14.09.18 14:07:41;0;@emmanuelstons polfiii ??????????;https://www.instagram.com/p/BlVURvwBatt/?comment_id=17974037959064704
363;;jonnypatrono;14.09.18 14:42:02;1;@a.a_freitas me tremi todo com trailer ????;https://www.instagram.com/p/BlVURvwBatt/?comment_id=17978352784018336
364;;a.a.v_freitas;14.09.18 15:18:05;0;@jonnypatrono eu tinha visto muito massa vamos;https://www.instagram.com/p/BlVURvwBatt/?comment_id=17978624380048277
365;;siismgontillo;14.09.18 19:17:09;1;@nahiara_molinas VOY A LLORAR EN SERIO;https://www.instagram.com/p/BlVURvwBatt/?comment_id=17849213935293070
366;;mariaisabelmt;14.09.18 19:41:14;0;@renatarrz;https://www.instagram.com/p/BlVURvwBatt/?comment_id=17872792081279857
367;;wondermonse;15.09.18 07:16:32;0;@fakun32;https://www.instagram.com/p/BlVURvwBatt/?comment_id=17978882212062833
368;;jen_stott;15.09.18 08:34:17;0;@lau_vanhouten;https://www.instagram.com/p/BlVURvwBatt/?comment_id=17965745641119211
369;;kevin.mancipe;15.09.18 20:27:20;0;@camihart1 mira,mira ????;https://www.instagram.com/p/BlVURvwBatt/?comment_id=17964594700116453
370;;martina_anai;16.09.18 17:53:33;0;????????????????????????;https://www.instagram.com/p/BlVURvwBatt/?comment_id=17950049809154847
371;;carolfleitasx;17.09.18 01:35:16;0;@ovallejos;https://www.instagram.com/p/BlVURvwBatt/?comment_id=17873180353276638
372;;ferryhbg;17.09.18 02:18:41;1;@cat_paloma O  Nosso proximo filme no cinema ????????????;https://www.instagram.com/p/BlVURvwBatt/?comment_id=17965616623100626
373;;cat_paloma;17.09.18 02:21:48;1;@fernandocesaargaldino Siiiiiimmmmmm;https://www.instagram.com/p/BlVURvwBatt/?comment_id=17959353346082789
374;;da5dogzmommy;17.09.18 16:30:38;1;@10gallonhat can't wait!;https://www.instagram.com/p/BlVURvwBatt/?comment_id=17964245314120364
375;;coline_diaz;17.09.18 21:50:56;1;@at_ariane ouuuuf;https://www.instagram.com/p/BlVURvwBatt/?comment_id=17980784878045262
376;;at_ariane;17.09.18 22:42:12;1;@coline_diaz je veux les mêmes tenues pendant mes concerts. Cordialement.;https://www.instagram.com/p/BlVURvwBatt/?comment_id=17862532903282487
377;;ediii8_;18.09.18 23:15:02;0;@lisanick21;https://www.instagram.com/p/BlVURvwBatt/?comment_id=17966822539105422
378;;irenedemar;23.09.18 12:24:27;0;Can’t wait!!!;https://www.instagram.com/p/BlVURvwBatt/?comment_id=17981358910034880
379;;roseazarias;24.09.18 16:57:26;1;@reh_cunhaa;https://www.instagram.com/p/BlVURvwBatt/?comment_id=17884602841267367
380;;lau_vanhouten;24.09.18 19:17:30;0;@jen_stott this looks amazing!;https://www.instagram.com/p/BlVURvwBatt/?comment_id=17967476410106258
381;;reh_cunhaa;24.09.18 22:38:06;0;@roseazarias uhuuuuu;https://www.instagram.com/p/BlVURvwBatt/?comment_id=17920763377208804
382;;petrusverschuren;25.09.18 09:48:22;0;the master;https://www.instagram.com/p/BlVURvwBatt/?comment_id=17875535617278255
383;;emmaamackay;25.09.18 14:33:41;0;@hhaley_ @raemingo this movie is gonna be so good;https://www.instagram.com/p/BlVURvwBatt/?comment_id=17968479682096913
384;;11.35zyy;25.09.18 18:54:15;0;@fakawma70;https://www.instagram.com/p/BlVURvwBatt/?comment_id=17852432170289078
385;;f_khiangte_;25.09.18 19:00:44;0;@11.35zyy hre har ve;https://www.instagram.com/p/BlVURvwBatt/?comment_id=17907872554243219
386;;11.35zyy;26.09.18 02:10:43;0;@fakawma70 oo i lo la hriat loh takin ka ti????;https://www.instagram.com/p/BlVURvwBatt/?comment_id=17908952788242541
387;;rowdy_dfa_82a;27.09.18 15:24:37;1;@shellygram9 This one. I’m going to cry on this one.;https://www.instagram.com/p/BlVURvwBatt/?comment_id=17920398118222091
388;;shellygram9;27.09.18 15:32:29;0;@rowdy_dfa_82a Yeah;https://www.instagram.com/p/BlVURvwBatt/?comment_id=17909669803239614
389;;neil2909;29.09.18 13:25:54;1;@lisaparkes_xo;https://www.instagram.com/p/BlVURvwBatt/?comment_id=17981028220070661
390;;lady_e_denyce;01.10.18 23:57:20;0;I can't wait to see this movie!!!!;https://www.instagram.com/p/BlVURvwBatt/?comment_id=17952299716160099
391;;senaalbaz;02.10.18 10:41:21;1;@aka.tung  2. November!;https://www.instagram.com/p/BlVURvwBatt/?comment_id=17910572284242904
392;;aka.tung;02.10.18 11:26:29;0;@senaalbaz alter wie geilllll aber wer spielt ihn eigl????;https://www.instagram.com/p/BlVURvwBatt/?comment_id=17977558549079738
393;;amigo_916;03.10.18 02:39:17;0;@jcgonzo730;https://www.instagram.com/p/BlVURvwBatt/?comment_id=17984742283012465
394;;lucie.rpprt;03.10.18 08:47:44;4;@lilli.sclz „there‘s only room in this band for one hysterical queen“ i hope the fuck you‘ll watch this movie with me or else i‘ll cry lmao;https://www.instagram.com/p/BlVURvwBatt/?comment_id=17957772877184116
395;;lilli.sclz;03.10.18 09:11:08;1;@lucie.rpprt bin dabei????;https://www.instagram.com/p/BlVURvwBatt/?comment_id=17970201652117735
396;;lucie.rpprt;03.10.18 09:11:47;1;@lilli.sclz aber worum es in dem film geht weisst du? ?????????;https://www.instagram.com/p/BlVURvwBatt/?comment_id=17867559391280414
397;;lilli.sclz;03.10.18 09:12:24;1;@lucie.rpprt das Google ich denn vorher????;https://www.instagram.com/p/BlVURvwBatt/?comment_id=17886680596269010
398;;lucie.rpprt;03.10.18 09:14:18;1;@lilli.sclz ich hoffe du willst den nachm googlen immer noch mit mir gucken lmao;https://www.instagram.com/p/BlVURvwBatt/?comment_id=17854576168292927
399;;lilli.sclz;03.10.18 09:15:21;1;@lucie.rpprt na klar lmao;https://www.instagram.com/p/BlVURvwBatt/?comment_id=17964079504093654
400;;kevgoodall;06.10.18 09:12:27;0;@brian_d_100;https://www.instagram.com/p/BlVURvwBatt/?comment_id=17981771491068658
401;;jenn_lb;06.10.18 15:26:32;0;@ernieviolinist;https://www.instagram.com/p/BlVURvwBatt/?comment_id=17978142619072538
402;;orphie._.a._.h;07.10.18 00:37:34;2;@_.devyn.dreamer._ @burrito.boi.yeet @chicken.albraedo WE are the champions! (Although I only really know two of you...WE ARE THE CHAMPIONS!);https://www.instagram.com/p/BlVURvwBatt/?comment_id=17869106560301134
403;;megannx0x0;07.10.18 02:17:30;1;@jose_el_varillero377_ ????????????;https://www.instagram.com/p/BlVURvwBatt/?comment_id=17986459849025586
404;;sigrid.koppel;07.10.18 09:29:48;0;IM SO HYPED FOR THIS MOVIE OHMYGOD AGSHSHAJAH ????????????????;https://www.instagram.com/p/BlVURvwBatt/?comment_id=17987013817045623
405;;mksalvaggio;07.10.18 21:43:04;1;@patymay0nnaise I’ve been meaning to send this to you!;https://www.instagram.com/p/BlVURvwBatt/?comment_id=17986747102050725
406;;the_green_cat_lady_;08.10.18 00:44:10;0;@mksalvaggio ???????? legend;https://www.instagram.com/p/BlVURvwBatt/?comment_id=17956085794159244
407;;ade.guardone;08.10.18 01:43:09;1;@peterbalado ??;https://www.instagram.com/p/BlVURvwBatt/?comment_id=17945308600194955
408;;peterbalado;08.10.18 02:04:18;0;@aguardone vamo a verla con la bincha puesta;https://www.instagram.com/p/BlVURvwBatt/?comment_id=17985847888020268
409;;divaghanshani;08.10.18 18:11:59;0;!!!! @rahul.m_10;https://www.instagram.com/p/BlVURvwBatt/?comment_id=17955969016166641
410;;rahul.m_10;09.10.18 10:10:35;0;@divaghanshani broooo I’m dying to watch this fucking film , rami malek has killed it. ??;https://www.instagram.com/p/BlVURvwBatt/?comment_id=17962020691140901
411;;divaghanshani;09.10.18 11:42:14;0;@rahul.m_10 SAMEEE I can't wait;https://www.instagram.com/p/BlVURvwBatt/?comment_id=17924672875217849
412;;officialqueenfanpage_x;09.10.18 14:32:04;0;@rb.035;https://www.instagram.com/p/BlVURvwBatt/?comment_id=17958784702177123
413;;lilythompson08;12.10.18 18:47:51;0;@leapiovesan26;https://www.instagram.com/p/BlVURvwBatt/?comment_id=17989342330030286
414;;caytay;16.10.18 11:01:39;0;@taylordangerfield;https://www.instagram.com/p/BlVURvwBatt/?comment_id=17927706724212215
415;;adronenburg;18.10.18 00:14:25;0;@main379 #need;https://www.instagram.com/p/BlVURvwBatt/?comment_id=17899167355257538
416;;brankarasic;18.10.18 14:34:43;0;@simeee51 ???;https://www.instagram.com/p/BlVURvwBatt/?comment_id=17974967218107020
417;;username_12345_username;18.10.18 16:06:04;1;@teckman88 DATE NIGHT!!! ??????;https://www.instagram.com/p/BlVURvwBatt/?comment_id=17962957486131639
418;;simeee51;18.10.18 16:21:32;1;@brankarasic ????;https://www.instagram.com/p/BlVURvwBatt/?comment_id=17954376718175536
419;;toriaanne;19.10.18 01:21:18;1;@the_g0d_king @8ds8 @sparkes83 ??????;https://www.instagram.com/p/BlVURvwBatt/?comment_id=17963110129131936
420;;lion3l_is_aw3sum;21.10.18 06:47:53;0;Next month ! @mellownaidoo;https://www.instagram.com/p/BlVURvwBatt/?comment_id=17976694369107694
421;;sendy_susilo13;21.10.18 12:55:25;0;@ctr_riyadi @kebincang @pandit.cmp @joesgandos @abduuulrzk @faizramdhani @hangggga @magysantosa @pramudiiasaktii nonton bareng ga nih?;https://www.instagram.com/p/BlVURvwBatt/?comment_id=17973156391123029
422;;joesgandos;21.10.18 13:56:36;0;@sendy_susilo yuhhh nonton bess;https://www.instagram.com/p/BlVURvwBatt/?comment_id=17892440137265078
423;;sendy_susilo13;21.10.18 14:05:00;0;@joesgandos yuh;https://www.instagram.com/p/BlVURvwBatt/?comment_id=17961220933157580
424;;joesgandos;21.10.18 14:11:42;0;@sendy_susilo kapan sih??;https://www.instagram.com/p/BlVURvwBatt/?comment_id=17990914408005001
425;;sendy_susilo13;21.10.18 14:19:17;0;@joesgandos nang luar tah november nang indonesia mbuh kapan ??;https://www.instagram.com/p/BlVURvwBatt/?comment_id=17990421289026722
426;;abduuulrzk;22.10.18 03:47:40;0;@sendy_susilo hantamm;https://www.instagram.com/p/BlVURvwBatt/?comment_id=17929426279211808
427;;meriskywalker;25.10.18 22:28:15;1;@pessy628 take me plz;https://www.instagram.com/p/BlVURvwBatt/?comment_id=17977114408118698
428;;kevinbaron1019;27.10.18 01:32:33;0;@mary15p;https://www.instagram.com/p/BlVURvwBatt/?comment_id=17991887236014784
429;;misshi5;27.10.18 14:08:42;0;@alexkronberg;https://www.instagram.com/p/BlVURvwBatt/?comment_id=17929557880221873
430;;inessekh;27.10.18 16:37:56;0;@bwadelo jte forcerais a aller le voir;https://www.instagram.com/p/BlVURvwBatt/?comment_id=17993621827004322
431;;malinbenbro;27.10.18 20:02:53;0;@ingerlisebendiksen på kino neste uke ????;https://www.instagram.com/p/BlVURvwBatt/?comment_id=17991215989012363
432;;_emilio08_;29.10.18 21:25:07;0;@pau_tomass17 nem;https://www.instagram.com/p/BlVURvwBatt/?comment_id=17993295829031019
433;;_.naara.c._;30.10.18 01:23:27;0;@__.billl.__ please let’s go see this movie;https://www.instagram.com/p/BlVURvwBatt/?comment_id=17886817438279940
434;;__.billl.__;30.10.18 01:25:38;0;@_.naara.c._  nah;https://www.instagram.com/p/BlVURvwBatt/?comment_id=17930444821219296
435;;mariamennd;30.10.18 03:13:36;1;@trigus00  let’s go see this lol;https://www.instagram.com/p/BlVURvwBatt/?comment_id=17895681232271934
436;;trigus00;30.10.18 03:14:01;1;Kk;https://www.instagram.com/p/BlVURvwBatt/?comment_id=17973722857090295
437;;stephieloesel;30.10.18 04:08:39;0;@cathypaton;https://www.instagram.com/p/BlVURvwBatt/?comment_id=17987877862072959
438;;cathypaton;30.10.18 04:18:44;0;I wanna see it!!!!!;https://www.instagram.com/p/BlVURvwBatt/?comment_id=17969009092140522
439;;alexkronberg;30.10.18 06:34:35;0;@misshi5 OMG!!! This looks awesome!;https://www.instagram.com/p/BlVURvwBatt/?comment_id=17963656714156908
440;;_.naara.c._;30.10.18 11:06:04;0;@__.billl.__  why :/;https://www.instagram.com/p/BlVURvwBatt/?comment_id=17904406300255115
441;;pautomass;30.10.18 18:37:15;1;@_emilio08_ sisi d1 @_davidrebull_ tambe vens;https://www.instagram.com/p/BlVURvwBatt/?comment_id=17965119007178726
442;;je.mina;01.11.18 03:04:10;1;????????????;https://www.instagram.com/p/BlVURvwBatt/?comment_id=17931389077217240
443;;sydneycalhounn;01.11.18 14:55:40;2;@hanna_bergstrom ok UMMMM WE HAVE TO FUCKING SEE THIS;https://www.instagram.com/p/BlVURvwBatt/?comment_id=17980177966128193
444;;hanna_bergstrom;01.11.18 16:28:03;0;@sydneycalhounn YESSS;https://www.instagram.com/p/BlVURvwBatt/?comment_id=17994850522008662
445;;sevaliizm;01.11.18 17:29:42;1;Ben gidiyorum yar?n ak?am gelirsen gelirsin @rabiakoyuncu.19 ??;https://www.instagram.com/p/BlVURvwBatt/?comment_id=17968631281138638
446;;rabiakync;01.11.18 18:02:40;0;@sevaliizm tabiki gelirim ablac?m ????;https://www.instagram.com/p/BlVURvwBatt/?comment_id=17887825015274207
447;;sevaliizm;01.11.18 18:07:10;0;@rabiakoyuncu.19 tabi son seansa bilet bulabilirsek???????;https://www.instagram.com/p/BlVURvwBatt/?comment_id=17976878584124266
448;;iamvictoriaad;02.11.18 04:13:21;1;@number.one.enigma;https://www.instagram.com/p/BlVURvwBatt/?comment_id=17896798336270946
449;;megbillingtonn;02.11.18 20:56:57;0;@robin.bloomer;https://www.instagram.com/p/BlVURvwBatt/?comment_id=17979722452119384
450;;roxiyuan;03.11.18 10:35:14;0;????????????????????;https://www.instagram.com/p/BlVURvwBatt/?comment_id=17976516502120858
451;;btrapp11;03.11.18 12:50:45;2;Rami Malek is brilliant in this film omg i was mesmerized watching him ??????;https://www.instagram.com/p/BlVURvwBatt/?comment_id=17981156032103560
452;;ssamalot;03.11.18 15:32:27;0;????;https://www.instagram.com/p/BlVURvwBatt/?comment_id=17968169098132247
453;;gulemsara;03.11.18 19:13:19;1;I cried when they sang this ??;https://www.instagram.com/p/BlVURvwBatt/?comment_id=17995255180063577
454;;yanoronha;03.11.18 19:50:51;1;@abelha_rainha_;https://www.instagram.com/p/BlVURvwBatt/?comment_id=17995846468009559
455;;jehhbertoni;04.11.18 14:45:20;1;@jtatit  @julianahpcoelho  meeeeu ????????;https://www.instagram.com/p/BlVURvwBatt/?comment_id=17980846219115639
456;;julianahpcoelho;04.11.18 15:16:11;0;@jehhbertoni demaaaais ??;https://www.instagram.com/p/BlVURvwBatt/?comment_id=17960009698174952
457;;ferdinan_go;05.11.18 12:02:35;0;@Angela_Maamina;https://www.instagram.com/p/BlVURvwBatt/?comment_id=17921920540240041
458;;angelamaamina;05.11.18 12:12:30;0;@ferdinan_go ??;https://www.instagram.com/p/BlVURvwBatt/?comment_id=17923521373239087
459;;manoelacorbo;05.11.18 17:27:36;0;@victhoriasiqueira;https://www.instagram.com/p/BlVURvwBatt/?comment_id=17995734013047792
460;;adityagalatama;06.11.18 00:44:48;0;Yuuuuk.... @curiani_marbun @luv_lydee;https://www.instagram.com/p/BlVURvwBatt/?comment_id=17974275169084734
461;;silvii.bustos;06.11.18 00:58:47;0;@luciano.quiroga.10;https://www.instagram.com/p/BlVURvwBatt/?comment_id=17889844957278020
462;;mathouasse_7;06.11.18 13:56:46;1;@camillegabard;https://www.instagram.com/p/BlVURvwBatt/?comment_id=17968309021179524
463;;camillegabard;06.11.18 15:22:18;1;@matou_7 ??????????;https://www.instagram.com/p/BlVURvwBatt/?comment_id=17992056910070553
464;;tominomyyou;07.11.18 16:21:31;1;Asli kudu lalajo maneh @austriyana @ridwannotkamil;https://www.instagram.com/p/BlVURvwBatt/?comment_id=17975192014095128
465;;thepilgrimsoulinyou;07.11.18 17:54:24;4;HOW MANY MORE GALILEOS DO YOU WANT;https://www.instagram.com/p/BlVURvwBatt/?comment_id=17866918945290327
466;;tominomyyou;07.11.18 22:50:00;0;Asli kudu lalajo maneh @austriyana @ridwannotkamil;https://www.instagram.com/p/BlVURvwBatt/?comment_id=17922744046233001
467;;russodanielle;09.11.18 02:39:59;0;Chorei de emoção ??????????;https://www.instagram.com/p/BlVURvwBatt/?comment_id=17997769891015410
468;;nourishmovelovebali;09.11.18 12:20:03;1;One of the best movies I ever watched ????;https://www.instagram.com/p/BlVURvwBatt/?comment_id=17905816798257262
469;;luciana_fernandes.564;09.11.18 18:40:45;1;Maravilhoso ??????????;https://www.instagram.com/p/BlVURvwBatt/?comment_id=17983013569109980
470;;takkenemili;10.11.18 13:07:10;0;????????;https://www.instagram.com/p/BlVURvwBatt/?comment_id=17935684186215102
471;;bhuna_kelly;11.11.18 08:47:10;1;@b.cavalcante27 tua cara quando tira foto com o oiao;https://www.instagram.com/p/BlVURvwBatt/?comment_id=17970741136181639
472;;yasmineixx;11.11.18 12:34:35;0;@mariam.borayek  I WANNA WATCH THIS MOVIE SO BADDD;https://www.instagram.com/p/BlVURvwBatt/?comment_id=17971240267135129
;472-1;mariam.borayek;11.11.18 13:27:24;0;@yasmineixx Same wlahi:''D;https://www.instagram.com/p/BlVURvwBatt/?comment_id=17971240267135129
473;;cruella904;11.11.18 14:40:18;0;Merveilleux !;https://www.instagram.com/p/BlVURvwBatt/?comment_id=17935998568213635
474;;tatiananilandervaz;11.11.18 21:30:23;0;????????????;https://www.instagram.com/p/BlVURvwBatt/?comment_id=17938186816205050
475;;caseymolt;12.11.18 23:47:32;1;@samanthasidun;https://www.instagram.com/p/BlVURvwBatt/?comment_id=17999256388023020
476;;izwanmaseyaw;13.11.18 11:52:36;0;tok yg @kiranakhalik;https://www.instagram.com/p/BlVURvwBatt/?comment_id=17935805719216135
;476-1;kiranakhalik;13.11.18 12:10:11;0;@izwanmaseyaw ooo hehe ok;https://www.instagram.com/p/BlVURvwBatt/?comment_id=17935805719216135
477;;cara.dempers;15.11.18 14:38:26;0;@arie.dempers;https://www.instagram.com/p/BlVURvwBatt/?comment_id=17937201865214082
478;;zarudee;15.11.18 20:21:07;1;Goosebumps. GOOSEBUMPS @hritika_dalal;https://www.instagram.com/p/BlVURvwBatt/?comment_id=17999344669012518
;478-1;hritika_dalal;15.11.18 20:22:56;0;@zarudee aw;https://www.instagram.com/p/BlVURvwBatt/?comment_id=17999344669012518
479;;madamengel;16.11.18 15:07:11;0;@sarahopter the actual hysterical queen here ???? PERIODT;https://www.instagram.com/p/BlVURvwBatt/?comment_id=17973047722189689
;479-1;bjutopia;16.11.18 15:12:17;0;@madamengel SKSLSKSKSKSKS;https://www.instagram.com/p/BlVURvwBatt/?comment_id=17973047722189689
;479-2;bjutopia;16.11.18 15:12:35;1;@madamengel ??????????? PERIODT;https://www.instagram.com/p/BlVURvwBatt/?comment_id=17973047722189689
480;;rebecca_silvaa;16.11.18 18:27:56;0;Nega super recomendo , assista com o Lucas @isaadrianne;https://www.instagram.com/p/BlVURvwBatt/?comment_id=17973249550135116
481;;harumiayu;18.11.18 08:12:27;0;@dwikifatan apiiik kii;https://www.instagram.com/p/BlVURvwBatt/?comment_id=17928384067229879
482;;jujubegeop;29.11.18 01:56:16;0;It was excellent.  Concert filmed exactly as the real clip I saw!;https://www.instagram.com/p/BlVURvwBatt/?comment_id=17977611196130855
483;;yasya_ler;30.11.18 07:04:55;0;??? ? ?????? ??????????;https://www.instagram.com/p/BlVURvwBatt/?comment_id=17982541969092181
484;;kiarasammar;01.12.18 10:40:24;0;@josh.zilavec watch;https://www.instagram.com/p/BlVURvwBatt/?comment_id=17941218820223307
;484-1;josh.zilavec;01.12.18 10:49:24;0;@kiarasammar looks shit ... sorry ??;https://www.instagram.com/p/BlVURvwBatt/?comment_id=17941218820223307
;484-2;kiarasammar;01.12.18 10:51:08;0;@josh.zilavec ??????????????????????????????????????????????????????????????????;https://www.instagram.com/p/BlVURvwBatt/?comment_id=17941218820223307
485;;y00nigram;02.12.18 16:43:05;0;@fredericasantos this Galileo guy looks exactly like you(or a male version of Fredddita) ????;https://www.instagram.com/p/BlVURvwBatt/?comment_id=17898550141273953
486;;jesus.wolf.ig;09.01.19 22:08:22;1;I love Queen ??;https://www.instagram.com/p/BlVURvwBatt/?comment_id=18020799943057542
487;;blankanovackova;20.01.19 20:16:44;0;I fall in love ????????;https://www.instagram.com/p/BlVURvwBatt/?comment_id=17998952446143214
488;;__ameliaaaa;21.01.19 23:44:48;0;@tengkudanielnasution;https://www.instagram.com/p/BlVURvwBatt/?comment_id=17998066768184356
489;;leanarighetti;04.02.19 19:27:01;0;????????????;https://www.instagram.com/p/BlVURvwBatt/?comment_id=17853774460338680
490;;_mare_119;15.02.19 16:58:41;0;?? i love Queen I nevet forgot Freddia Mercury;https://www.instagram.com/p/BlVURvwBatt/?comment_id=17850151723359355
491;;mor_mae;26.02.19 17:16:27;0;@oliviahoweell;https://www.instagram.com/p/BlVURvwBatt/?comment_id=17859794194342890
492;;skalskawieslawa;06.03.19 01:15:02;0;????????????;https://www.instagram.com/p/BlVURvwBatt/?comment_id=17967072559232651
493;;rozajedlickova;07.05.19 09:59:39;0;Úžasný film-Amazing film;https://www.instagram.com/p/BlVURvwBatt/?comment_id=18062862412041461
;;;;;;
