Id;SubId;Name (click to view profile);Date;Likes;Comment;Link
1;;taylormade_72;11.11.17 18:56:12;0;Omg ??????????;https://www.instagram.com/p/BbKOFmfg6l3/?comment_id=17895448747096879
2;;carolinagpedra;11.11.17 19:49:30;0;@alexandrasgomes;https://www.instagram.com/p/BbKOFmfg6l3/?comment_id=17907188869006003
3;;tay_war;11.11.17 20:14:09;0;@trentonrice14;https://www.instagram.com/p/BbKOFmfg6l3/?comment_id=17895392335099657
4;;tmohr0;11.11.17 20:20:26;0;@gksamuelthomas ??????;https://www.instagram.com/p/BbKOFmfg6l3/?comment_id=17848391920214704
5;;alex08v;11.11.17 20:39:05;0;Si va @luisitazerpa_97;https://www.instagram.com/p/BbKOFmfg6l3/?comment_id=17880203188164691
6;;michelle_rodriguez262;11.11.17 22:00:52;0;Esse eu vou na estreia, no cinema ??;https://www.instagram.com/p/BbKOFmfg6l3/?comment_id=17848009801221521
7;;ellieamiralai;11.11.17 23:00:09;0;@coltonmoretti;https://www.instagram.com/p/BbKOFmfg6l3/?comment_id=17880413623166675
8;;isabellahansennn;11.11.17 23:14:37;0;@melaniebmjensen @catha2000;https://www.instagram.com/p/BbKOFmfg6l3/?comment_id=17906684437009739
9;;jzwain;12.11.17 01:14:40;0;@marylisa89;https://www.instagram.com/p/BbKOFmfg6l3/?comment_id=17898482176073676
10;;t_syafpa;12.11.17 01:26:05;0;Za @izza_r.hasanah;https://www.instagram.com/p/BbKOFmfg6l3/?comment_id=17907890503011767
11;;deadvampira666;12.11.17 01:29:42;0;@phohhk;https://www.instagram.com/p/BbKOFmfg6l3/?comment_id=17878396564172179
12;;katharina_x_theresa;12.11.17 01:52:04;1;@feelinski ich auch <3;https://www.instagram.com/p/BbKOFmfg6l3/?comment_id=17849661109205964
13;;crisdeasis19;12.11.17 02:50:02;0;I must watch this!;https://www.instagram.com/p/BbKOFmfg6l3/?comment_id=17880907477181389
14;;pm.hernan;12.11.17 03:13:25;1;@heidy_silva3;https://www.instagram.com/p/BbKOFmfg6l3/?comment_id=17883820084133474
15;;heidy_silva3;12.11.17 03:14:15;0;@pm.hernan  In Love;https://www.instagram.com/p/BbKOFmfg6l3/?comment_id=17881324684181593
16;;keclaxon;12.11.17 03:37:10;1;@sheck2026;https://www.instagram.com/p/BbKOFmfg6l3/?comment_id=17881721662157844
17;;izza_r.hasanah;12.11.17 04:05:10;0;@t_syafpa OMG;https://www.instagram.com/p/BbKOFmfg6l3/?comment_id=17902535152071048
18;;v_a_l_l_l;12.11.17 05:34:29;0;I havent seen the first 2 take me to see this @val_n_justy;https://www.instagram.com/p/BbKOFmfg6l3/?comment_id=17880112723163606
19;;millyy_f;12.11.17 08:44:27;0;@ayeshamug;https://www.instagram.com/p/BbKOFmfg6l3/?comment_id=17894396092112115
20;;joanwierz;12.11.17 11:15:18;0;@staihuttu ??;https://www.instagram.com/p/BbKOFmfg6l3/?comment_id=17878587925170028
21;;negar.ghafourii;13.11.17 19:26:50;0;@_arshamsafari;https://www.instagram.com/p/BbKOFmfg6l3/?comment_id=17907837268032290
22;;esraaltindirek;13.11.17 19:45:23;0;@c29kya;https://www.instagram.com/p/BbKOFmfg6l3/?comment_id=17907156976021762
23;;miabonner28;13.11.17 23:07:03;0;???????? can't wait girls night out @briannawheeeler;https://www.instagram.com/p/BbKOFmfg6l3/?comment_id=17882214199152213
24;;beiity_275;14.11.17 02:11:14;0;OMG ??????????;https://www.instagram.com/p/BbKOFmfg6l3/?comment_id=17891219329085279
25;;bymbkhvv_tmr;14.11.17 04:28:37;0;Waiting... *-*;https://www.instagram.com/p/BbKOFmfg6l3/?comment_id=17878645912175280
26;;ginna.glz;14.11.17 06:22:19;0;@_karlamata_ @sylviavelezz;https://www.instagram.com/p/BbKOFmfg6l3/?comment_id=17848747087212861
27;;mercka16;14.11.17 11:26:44;0;@katharos31  me too keyu.;https://www.instagram.com/p/BbKOFmfg6l3/?comment_id=17902766035068313
28;;isabellabriceno;14.11.17 12:44:46;0;@coribritany;https://www.instagram.com/p/BbKOFmfg6l3/?comment_id=17881681366145749
29;;mohammad.khosravi1362;14.11.17 13:39:08;0;Help people in earthquake in Kermanshah, Iran please help. Stay in touch with me for help;https://www.instagram.com/p/BbKOFmfg6l3/?comment_id=17884212775139816
30;;andrealzate723;14.11.17 14:33:59;0;@dasinis preparada para la ultima?;https://www.instagram.com/p/BbKOFmfg6l3/?comment_id=17908118299033623
31;;ema.lyma;14.11.17 17:00:53;0;@werbchenko07_;https://www.instagram.com/p/BbKOFmfg6l3/?comment_id=17881175893182087
32;;_thelopes_;14.11.17 18:28:35;0;Já viu ? @pah_gomessz;https://www.instagram.com/p/BbKOFmfg6l3/?comment_id=17883901960135744
33;;celiina2208;14.11.17 19:33:18;0;@janina.alaska ????;https://www.instagram.com/p/BbKOFmfg6l3/?comment_id=17909408323042788
34;;katieirvin111;14.11.17 21:11:33;0;@gemgsy !!!!!!;https://www.instagram.com/p/BbKOFmfg6l3/?comment_id=17908330270052078
35;;briiannaa.27;14.11.17 23:54:04;0;we’re watching this movie together on Valentines Day idc @julian.jayy;https://www.instagram.com/p/BbKOFmfg6l3/?comment_id=17895529096100349
36;;pfzt610;15.11.17 01:31:12;0;Ciertamente baby @yoleikac;https://www.instagram.com/p/BbKOFmfg6l3/?comment_id=17908773106061688
37;;julian.jayy;15.11.17 02:01:51;0;@briiannaa.27 i never even watched the full movie of any of them lmaoooo;https://www.instagram.com/p/BbKOFmfg6l3/?comment_id=17895067576109942
38;;briiannaa.27;15.11.17 02:04:35;0;he’s so fine ?? @julian.jayy;https://www.instagram.com/p/BbKOFmfg6l3/?comment_id=17908256728038241
39;;annamaaariiia;15.11.17 05:39:06;1;@nina_m.26 @_osaruese_ ????;https://www.instagram.com/p/BbKOFmfg6l3/?comment_id=17908262578022124
40;;marianarojasss;15.11.17 18:11:32;1;Listo, chau @sofi_abineme @lizhaurie;https://www.instagram.com/p/BbKOFmfg6l3/?comment_id=17907263911004807
41;;itsrebecad;15.11.17 18:52:31;0;?? Que no termineeeee!!! Quiero esperar cada año una nueva pelicula de ellos!! ??;https://www.instagram.com/p/BbKOFmfg6l3/?comment_id=17882417749145847
42;;lucyfsharpe;15.11.17 19:16:48;2;@jodiekeight @sophie.keight @amxnjohal @lyh_g;https://www.instagram.com/p/BbKOFmfg6l3/?comment_id=17895638308098541
43;;ramannn.x;15.11.17 19:19:27;1;Oioi let’s go watch it ?? @matt_frith_02 @navraj._;https://www.instagram.com/p/BbKOFmfg6l3/?comment_id=17895117868115398
44;;irabianaeem;15.11.17 19:37:14;1;@s_10274 check the latest trailer... ??????;https://www.instagram.com/p/BbKOFmfg6l3/?comment_id=17881758046156860
45;;clem.sitkz;15.11.17 20:58:56;2;Ololo @_agathevlt;https://www.instagram.com/p/BbKOFmfg6l3/?comment_id=17896508185106263
46;;agathetlv;15.11.17 21:01:04;2;@cleemeent.s ohhh ??;https://www.instagram.com/p/BbKOFmfg6l3/?comment_id=17866937164196806
47;;clem.sitkz;15.11.17 21:02:50;1;@_agathevlt on adore..??;https://www.instagram.com/p/BbKOFmfg6l3/?comment_id=17881580506181622
48;;canelyy25;15.11.17 21:04:15;1;@carlosjose2509;https://www.instagram.com/p/BbKOFmfg6l3/?comment_id=17908260769010338
49;;sucyramadhanis;16.11.17 02:56:53;1;@kokash2008 unch;https://www.instagram.com/p/BbKOFmfg6l3/?comment_id=17881370407182451
50;;celineckelder;16.11.17 08:47:00;2;@zoeyzow ??;https://www.instagram.com/p/BbKOFmfg6l3/?comment_id=17894980591113695
51;;alannaadams;16.11.17 09:10:26;1;@rachelel__;https://www.instagram.com/p/BbKOFmfg6l3/?comment_id=17883080176187838
52;;zoeyzow;16.11.17 09:16:19;1;@celineckelder ooee ????????;https://www.instagram.com/p/BbKOFmfg6l3/?comment_id=17906930368038411
53;;cndymrrs;16.11.17 13:09:22;1;Ini, nanti Part paling terakhir yg belum na rilis di bioskop @salim.mubarack;https://www.instagram.com/p/BbKOFmfg6l3/?comment_id=17882055595149386
54;;__saradarabi__;16.11.17 14:58:08;1;@fateme_mansuri;https://www.instagram.com/p/BbKOFmfg6l3/?comment_id=17881996795155775
55;;imaharahap;16.11.17 15:23:51;1;Weee final chapter nya ?? @rikaatambunan @annisa_utti;https://www.instagram.com/p/BbKOFmfg6l3/?comment_id=17908206181061966
56;;annisa.utti;16.11.17 15:26:46;1;@imaharahap wiiii aku baru siap membaco yasin ko tag yg beginian. Khilaf la aku hahahahhahaha ????;https://www.instagram.com/p/BbKOFmfg6l3/?comment_id=17883546229133480
57;;imaharahap;16.11.17 16:00:15;1;Aduuhhhh sorry deh ukhti. Maapkeun eike?? @annisa_utti;https://www.instagram.com/p/BbKOFmfg6l3/?comment_id=17907815971062281
58;;annisa.utti;16.11.17 16:06:46;1;@imaharahap hahhahahhaa kapan ini tayang nya? ??;https://www.instagram.com/p/BbKOFmfg6l3/?comment_id=17878943311174078
59;;imaharahap;16.11.17 16:08:00;2;Valentine kek nya sis. Kalo tayang cusss la ya kan?? @annisa_utti;https://www.instagram.com/p/BbKOFmfg6l3/?comment_id=17895401239108184
60;;annisa.utti;16.11.17 16:08:26;0;@imaharahap iya cus di donlot la. Mana mungkin tayang dibioskop wkwkwk;https://www.instagram.com/p/BbKOFmfg6l3/?comment_id=17870099323194606
61;;feliciastenbeck;16.11.17 16:09:35;1;@skruttmamma;https://www.instagram.com/p/BbKOFmfg6l3/?comment_id=17908151740052533
62;;imaharahap;16.11.17 16:09:59;2;@annisa_utti iyaa jugakkk e kann sis, wkwkwk;https://www.instagram.com/p/BbKOFmfg6l3/?comment_id=17908125796029978
63;;_michelleliima;16.11.17 21:26:31;1;A última parte é a mais esperada pra mim @grazy_stylinson_69 só espero que esteja como esta no livro;https://www.instagram.com/p/BbKOFmfg6l3/?comment_id=17906965276036193
64;;micaabermejo;17.11.17 00:53:29;1;@cr_carlaa;https://www.instagram.com/p/BbKOFmfg6l3/?comment_id=17891375992086238
65;;cr_carlaa;17.11.17 01:13:11;1;@micaabermejo Nooooooo ??????;https://www.instagram.com/p/BbKOFmfg6l3/?comment_id=17907479014053843
66;;sheelbzz;17.11.17 04:19:20;1;omg jai TROP HATE @sarahcy_;https://www.instagram.com/p/BbKOFmfg6l3/?comment_id=17882858539191130
67;;uziestbean;17.11.17 06:21:59;1;OMFG I CANTTTT;https://www.instagram.com/p/BbKOFmfg6l3/?comment_id=17882572402176593
68;;promise_m_bassal;17.11.17 10:27:52;0;@mel.valdivia;https://www.instagram.com/p/BbKOFmfg6l3/?comment_id=17895840982101491
69;;mel.valdivia;17.11.17 11:00:58;0;@promesa_m AWWW PROMISEEE will legit always think of u;https://www.instagram.com/p/BbKOFmfg6l3/?comment_id=17851058437200926
70;;sarahcy_;17.11.17 12:28:02;0;@sheelbzz yo mee too;https://www.instagram.com/p/BbKOFmfg6l3/?comment_id=17907941281062217
71;;djjdfan;17.11.17 16:05:21;0;I can not hardly wait to this spectacular wedding! I love how he is embracing her face.;https://www.instagram.com/p/BbKOFmfg6l3/?comment_id=17901954289068426
72;;jenninp18;17.11.17 21:47:57;0;@nadiahrr_;https://www.instagram.com/p/BbKOFmfg6l3/?comment_id=17895443203117828
73;;rachel_dumas;17.11.17 21:53:25;0;@tristen_schemenauer !!!!!!!!!!;https://www.instagram.com/p/BbKOFmfg6l3/?comment_id=17909513134002726
74;;chloeabihaila;17.11.17 22:07:52;0;@aylamouawad @laetitiahajj @annakhoury_;https://www.instagram.com/p/BbKOFmfg6l3/?comment_id=17884826986138539
75;;annatkhoury;17.11.17 22:09:21;0;@abihailachloe yeyy;https://www.instagram.com/p/BbKOFmfg6l3/?comment_id=17881490188163697
76;;alondra.ily;17.11.17 22:33:14;0;@arronliriano;https://www.instagram.com/p/BbKOFmfg6l3/?comment_id=17884868923140037
77;;mari_garco19;17.11.17 23:14:17;0;Aaaah ya casi!!! ??? @oscarviq;https://www.instagram.com/p/BbKOFmfg6l3/?comment_id=17909534092021895
78;;nelliflower.de;17.11.17 23:45:06;0;????????;https://www.instagram.com/p/BbKOFmfg6l3/?comment_id=17849326555209921
79;;fapuari;18.11.17 00:40:06;0;@derrybarnas coming soon ??;https://www.instagram.com/p/BbKOFmfg6l3/?comment_id=17881618273155513
80;;dian_nurm;18.11.17 08:48:08;0;@egievelyn_ ??????Uuuhhhh ??????;https://www.instagram.com/p/BbKOFmfg6l3/?comment_id=17880966196160572
81;;laura.ariens;18.11.17 10:04:20;1;OMG FOLLOW THIS ACCOUNT @cassielakos;https://www.instagram.com/p/BbKOFmfg6l3/?comment_id=17891550919091716
82;;cassielakos;18.11.17 10:06:40;0;@laura.ariens HOLY FUCK DUN;https://www.instagram.com/p/BbKOFmfg6l3/?comment_id=17907591310043396
83;;mahsa__dlr;18.11.17 10:19:54;0;@maede.azizan ????? ???? ?? ???? ???? ????;https://www.instagram.com/p/BbKOFmfg6l3/?comment_id=17909097157040139
84;;cindyoktavianaamri;18.11.17 15:52:31;0;@widy.pra;https://www.instagram.com/p/BbKOFmfg6l3/?comment_id=17907771574050796
85;;cindyoktavianaamri;18.11.17 15:52:42;0;@indahnurfitriana;https://www.instagram.com/p/BbKOFmfg6l3/?comment_id=17908556515010814
86;;miriamcatuntaa;18.11.17 15:54:48;0;Tenemos que verla @anitafe11;https://www.instagram.com/p/BbKOFmfg6l3/?comment_id=17882633167145338
87;;mariaahspamm;18.11.17 17:12:43;1;Mejor vamos a ver estaaa!!! @alexxakp  @yamidagnino32;https://www.instagram.com/p/BbKOFmfg6l3/?comment_id=17900566504078154
88;;fildzatiika;18.11.17 17:21:24;0;Can't wait @dellajahra;https://www.instagram.com/p/BbKOFmfg6l3/?comment_id=17907551491015380
89;;carmenabdob;18.11.17 17:43:22;0;@rominamarcos MADRES;https://www.instagram.com/p/BbKOFmfg6l3/?comment_id=17848900699222300
90;;yam.dr;18.11.17 18:26:17;0;@mariaahspamm andalee esa si aunque no haya visto las primeras;https://www.instagram.com/p/BbKOFmfg6l3/?comment_id=17849464909210458
91;;indahnurfitriana;19.11.17 00:17:56;0;@cindyoktaviana22 iyo uda ku tonton wq;https://www.instagram.com/p/BbKOFmfg6l3/?comment_id=17891777014082422
92;;katkakurimska;19.11.17 11:45:45;0;@robertkundrat  tešíš sa už? ??????;https://www.instagram.com/p/BbKOFmfg6l3/?comment_id=17882462023145853
93;;albalarreina;19.11.17 13:13:30;0;@iiraaiideetxuuu;https://www.instagram.com/p/BbKOFmfg6l3/?comment_id=17908226686003685
94;;abimanyuaseggaf;19.11.17 14:37:06;0;@herlinarizky_ otw kah;https://www.instagram.com/p/BbKOFmfg6l3/?comment_id=17907858796007966
95;;katkakurimska;19.11.17 15:05:06;0;@robertkundrat ?????????;https://www.instagram.com/p/BbKOFmfg6l3/?comment_id=17851053169201326
96;;alexiayukari;19.11.17 18:32:04;1;@alicecuunha @joelgaliassi;https://www.instagram.com/p/BbKOFmfg6l3/?comment_id=17908450201041974
97;;shdw_in_disguise;19.11.17 21:34:01;1;@mister_cannibal666 gaan wij die same kijke???;https://www.instagram.com/p/BbKOFmfg6l3/?comment_id=17882037595193985
98;;_lugal_;19.11.17 21:37:52;1;@miss_cannibal666 sgoed????;https://www.instagram.com/p/BbKOFmfg6l3/?comment_id=17896516345118498
99;;shdw_in_disguise;19.11.17 21:38:21;0;@mister_cannibal666 yey??;https://www.instagram.com/p/BbKOFmfg6l3/?comment_id=17908572133015978
100;;martx.v;19.11.17 23:11:59;0;@nereecosta;https://www.instagram.com/p/BbKOFmfg6l3/?comment_id=17894639227121744
101;;vicky_singh_bisht_00;20.11.17 04:52:57;0;@junnie_chen ????????;https://www.instagram.com/p/BbKOFmfg6l3/?comment_id=17881997191183278
102;;junnie_chen;20.11.17 04:53:59;0;@gouravsingh188 why ??? I m gonna catch it definitely.;https://www.instagram.com/p/BbKOFmfg6l3/?comment_id=17869349323199601
103;;vicky_singh_bisht_00;20.11.17 04:55:05;0;Have u watched this series?;https://www.instagram.com/p/BbKOFmfg6l3/?comment_id=17895832591115069
104;;junnie_chen;20.11.17 04:55:33;0;@gouravsingh188 of coz I did, even its parody version.;https://www.instagram.com/p/BbKOFmfg6l3/?comment_id=17910337732032638
105;;vicky_singh_bisht_00;20.11.17 04:56:21;0;????????;https://www.instagram.com/p/BbKOFmfg6l3/?comment_id=17885748955139295
106;;nereecosta;20.11.17 06:57:58;0;@martx.v i know;https://www.instagram.com/p/BbKOFmfg6l3/?comment_id=17883368785177258
107;;bekahdickpriv;20.11.17 07:33:25;0;@miachalmers;https://www.instagram.com/p/BbKOFmfg6l3/?comment_id=17900917372079353
108;;miachalmers;20.11.17 08:23:47;0;OMGGGGG IM SO EXCITED I CANT DEAL @_bekah.x;https://www.instagram.com/p/BbKOFmfg6l3/?comment_id=17868363532194696
109;;faraalvess;20.11.17 09:48:18;0;@deryy_02;https://www.instagram.com/p/BbKOFmfg6l3/?comment_id=17908668922024680
110;;valezapata.10;20.11.17 13:34:40;0;@floreentinaaam02;https://www.instagram.com/p/BbKOFmfg6l3/?comment_id=17885450266141795
111;;fifilindawati;20.11.17 13:49:42;0;Ughh @friskaftm @hildafauzia95;https://www.instagram.com/p/BbKOFmfg6l3/?comment_id=17884401919187529
112;;friskaftm;20.11.17 14:11:57;0;excited aku wkwkw @fifilindawati @hildafauzia95;https://www.instagram.com/p/BbKOFmfg6l3/?comment_id=17895930310100484
113;;elehrz;20.11.17 18:04:06;0;@marta_sg04;https://www.instagram.com/p/BbKOFmfg6l3/?comment_id=17869619824195411
114;;ilhaamfl;20.11.17 19:47:35;1;@sumayaala_ ??;https://www.instagram.com/p/BbKOFmfg6l3/?comment_id=17909054887024551
115;;moeshamariah;20.11.17 20:23:59;1;@burusch03 ich hab nichtmal ein einzigen Teil gesehen..;https://www.instagram.com/p/BbKOFmfg6l3/?comment_id=17882901457144085
116;;kimberleyywilliams;20.11.17 20:26:17;1;@nas_turkey I’m dying;https://www.instagram.com/p/BbKOFmfg6l3/?comment_id=17908106905063535
117;;burusch03;20.11.17 20:33:35;0;@moeshamariah Same;https://www.instagram.com/p/BbKOFmfg6l3/?comment_id=17896973236111932
118;;nas_turkey;20.11.17 20:48:41;1;I live for the bangs @kimberleyywilliams;https://www.instagram.com/p/BbKOFmfg6l3/?comment_id=17883360118188158
119;;kimberleyywilliams;20.11.17 20:49:44;1;@nas_turkey same dis the only reason I watch it tbh, and also for Jamie Dornan Because he’s a Daddy;https://www.instagram.com/p/BbKOFmfg6l3/?comment_id=17909604262058367
120;;kimberleyywilliams;20.11.17 20:50:19;1;@nas_turkey WAIT DID U MEAN BANGS AS IN HER HAIR, OR BANGS AS IN THE SEXUAL STUFF LMFAO;https://www.instagram.com/p/BbKOFmfg6l3/?comment_id=17908797865053853
121;;nas_turkey;20.11.17 20:52:20;0;@kimberleyywilliams her hair but I'm down with watevs;https://www.instagram.com/p/BbKOFmfg6l3/?comment_id=17896055887102740
122;;sumayaala_;20.11.17 22:22:43;0;@ilhaamfl ??;https://www.instagram.com/p/BbKOFmfg6l3/?comment_id=17882403853158760
123;;_a.___________;21.11.17 13:43:56;0;@sarahdkbg Jaa!????;https://www.instagram.com/p/BbKOFmfg6l3/?comment_id=17908643224052952
124;;eclyxi;21.11.17 21:31:17;0;@chiarazerilli;https://www.instagram.com/p/BbKOFmfg6l3/?comment_id=17896257817109292
125;;erinntee;21.11.17 23:01:47;1;@dearvyc_ ??????;https://www.instagram.com/p/BbKOFmfg6l3/?comment_id=17884882042137994
126;;patricias.fln;22.11.17 02:26:32;0;?????????? my heart.;https://www.instagram.com/p/BbKOFmfg6l3/?comment_id=17883406594153275
127;;yullyhs;22.11.17 03:18:24;0;Yang yg ke 3 nih wkwk @ciciochie;https://www.instagram.com/p/BbKOFmfg6l3/?comment_id=17908900699010466
128;;chiara.zerilli;22.11.17 06:04:01;0;@eclyxi strano... niente tragedie?? Ahaha;https://www.instagram.com/p/BbKOFmfg6l3/?comment_id=17908020490018589
129;;_aasshhhh_;22.11.17 07:32:17;0;@kiddmiichael;https://www.instagram.com/p/BbKOFmfg6l3/?comment_id=17907972487053987
130;;trznjc;22.11.17 14:11:17;0;@njakabova ??????????;https://www.instagram.com/p/BbKOFmfg6l3/?comment_id=17905610683065781
131;;njakabova;22.11.17 17:54:11;0;@trznjc Omg ????????;https://www.instagram.com/p/BbKOFmfg6l3/?comment_id=17882665513166016
132;;emily._.xdd;22.11.17 20:30:26;1;@leonie_j_b ????;https://www.instagram.com/p/BbKOFmfg6l3/?comment_id=17885399368136169
133;;valentic_nikolina;23.11.17 11:19:28;1;@horvat_ivanaa @vrbanic_ines ????;https://www.instagram.com/p/BbKOFmfg6l3/?comment_id=17885567563137473
134;;horvat_ivanaa;23.11.17 11:22:52;1;@valentic_nikolina gori sve;https://www.instagram.com/p/BbKOFmfg6l3/?comment_id=17910086542015098
135;;bremor14;23.11.17 13:38:37;1;@jilliann55;https://www.instagram.com/p/BbKOFmfg6l3/?comment_id=17884878346188584
136;;___faarnaaz__;23.11.17 14:51:46;1;@__.behnazj.__;https://www.instagram.com/p/BbKOFmfg6l3/?comment_id=17909793289045813
137;;saedeprv;23.11.17 15:58:09;0;@_str_rn;https://www.instagram.com/p/BbKOFmfg6l3/?comment_id=17868746725194211
138;;___bhnaazz__;23.11.17 16:13:26;1;@___faarnaaz__ mrccc????????;https://www.instagram.com/p/BbKOFmfg6l3/?comment_id=17892563794082307
139;;califa20;23.11.17 18:15:38;0;@alfizarr yukkk ke sg dulu:(;https://www.instagram.com/p/BbKOFmfg6l3/?comment_id=17883697306145322
140;;sharifi_atefeh;23.11.17 19:28:24;0;@sepi__74;https://www.instagram.com/p/BbKOFmfg6l3/?comment_id=17850397024214736
141;;thetataaa;23.11.17 19:55:04;0;@sami.teymurov 3 cu gelir??;https://www.instagram.com/p/BbKOFmfg6l3/?comment_id=17851157101204132
142;;sami.teymurov;23.11.17 19:56:14;0;@_huseynofa heri menim filmim ??;https://www.instagram.com/p/BbKOFmfg6l3/?comment_id=17868877027196244
143;;spd_____123;23.11.17 20:22:19;0;@sharifi_atefeh ???????? ?????????????????;https://www.instagram.com/p/BbKOFmfg6l3/?comment_id=17909588260054577
144;;juli25.2;23.11.17 20:38:25;0;Kino fixx gee @_julix_ ??????;https://www.instagram.com/p/BbKOFmfg6l3/?comment_id=17900399623078803
145;;pfr.julia;23.11.17 20:39:08;0;omg fiiix ???? @juli25.2;https://www.instagram.com/p/BbKOFmfg6l3/?comment_id=17851910542206555
146;;juli25.2;23.11.17 20:39:57;0;Wetten wir kommen nd. Amal rein hahahahah @_julix_ ??????;https://www.instagram.com/p/BbKOFmfg6l3/?comment_id=17896468912113630
147;;natalia.alvz;23.11.17 21:58:00;0;@ana.goomeez @ruuubbiiaa ????;https://www.instagram.com/p/BbKOFmfg6l3/?comment_id=17901377014077380
148;;russratingsguy;24.11.17 06:01:23;0;Who is that guy at the very end?;https://www.instagram.com/p/BbKOFmfg6l3/?comment_id=17892540250081637
149;;syifaauliaharvin;24.11.17 10:28:35;0;Mulai di valentine day dennn @mswhiteblue_;https://www.instagram.com/p/BbKOFmfg6l3/?comment_id=17849748850221845
150;;caro.pachecoale;24.11.17 15:10:43;0;@russratingsguy jack hide;https://www.instagram.com/p/BbKOFmfg6l3/?comment_id=17909632057002744
151;;russratingsguy;24.11.17 15:11:04;0;@carito_pachec0 Thanks.;https://www.instagram.com/p/BbKOFmfg6l3/?comment_id=17892681727086194
152;;maldita.queenn;24.11.17 17:19:36;0;@adrianaberes01;https://www.instagram.com/p/BbKOFmfg6l3/?comment_id=17897026897101903
153;;adyasaa;24.11.17 17:40:23;0;@mananoberoi he is sooos hot;https://www.instagram.com/p/BbKOFmfg6l3/?comment_id=17850505234213599
154;;morganekiley_;24.11.17 19:45:50;1;@peachysteph mark your calendar - feb 17th I’m coming to you and we are seeing this movie. The end.;https://www.instagram.com/p/BbKOFmfg6l3/?comment_id=17895819226124575
155;;slayinnnd;25.11.17 02:39:01;0;@awalm12;https://www.instagram.com/p/BbKOFmfg6l3/?comment_id=17909344576044409
156;;maryggcc;25.11.17 03:43:10;0;@kamy_lara nmms hay que comprar los boletos;https://www.instagram.com/p/BbKOFmfg6l3/?comment_id=17894817025127504
157;;nietingebruik68;25.11.17 10:41:20;0;@busr.k;https://www.instagram.com/p/BbKOFmfg6l3/?comment_id=17903956333069951
158;;luciaagarciaa02;25.11.17 17:21:53;0;@lluvia_paya_lopez @betaniapla_ @_albareig @paulaolcina_ @mariiajorda @joaana22_ @sol__2003 @carmelilla03 @rubylily_01 tardamos en verla;https://www.instagram.com/p/BbKOFmfg6l3/?comment_id=17884358509190552
159;;makitkuy;25.11.17 18:29:01;0;@ployplnsr;https://www.instagram.com/p/BbKOFmfg6l3/?comment_id=17897523025105003
160;;ycca__;26.11.17 13:21:57;0;Omg i can't wait to see this movie ????????????????????????????????????????????????;https://www.instagram.com/p/BbKOFmfg6l3/?comment_id=17901088570075522
161;;carmencatalaa;26.11.17 14:03:12;0;@martamrtnzmtrrdn;https://www.instagram.com/p/BbKOFmfg6l3/?comment_id=17909264251058575
162;;martamrtnzmtrrdn;26.11.17 14:11:06;1;@carmelilla03 diios????;https://www.instagram.com/p/BbKOFmfg6l3/?comment_id=17885235523133301
163;;zhra.ji;26.11.17 17:01:45;0;@sqrhmp;https://www.instagram.com/p/BbKOFmfg6l3/?comment_id=17850805732209965
164;;nietingebruik68;26.11.17 18:10:00;0;@busr.k;https://www.instagram.com/p/BbKOFmfg6l3/?comment_id=17852196898207367
165;;bita.jabarzde;26.11.17 20:34:06;0;@__.zaahraa  @dibawprz;https://www.instagram.com/p/BbKOFmfg6l3/?comment_id=17910089902013972
166;;asrillper;27.11.17 08:03:13;0;@urfamurshalat;https://www.instagram.com/p/BbKOFmfg6l3/?comment_id=17882221234167315
167;;claraacordoba;27.11.17 15:28:42;0;@lorena_molina16 @evanavea18;https://www.instagram.com/p/BbKOFmfg6l3/?comment_id=17909597233022921
168;;leaa_marieey;27.11.17 21:05:00;0;???? @finja_edm;https://www.instagram.com/p/BbKOFmfg6l3/?comment_id=17901486316077897
169;;lou.ausili;28.11.17 03:10:59;0;@soffalcon;https://www.instagram.com/p/BbKOFmfg6l3/?comment_id=17884687513187426
170;;hiuna1998;29.11.17 09:19:04;0;@Paniii_rze;https://www.instagram.com/p/BbKOFmfg6l3/?comment_id=17910057088022764
171;;k.annahita;29.11.17 16:30:00;0;@soheyla_sheykhmiri in page ro nega kon, 2 ta filme yani 2 ghesmate inja nega kon video hasho az internet download kon chon CD forushia ba sansor daranesh??;https://www.instagram.com/p/BbKOFmfg6l3/?comment_id=17912058781052997
172;;ninaaghniashvili;29.11.17 18:12:00;0;@m.salander  we should go???;https://www.instagram.com/p/BbKOFmfg6l3/?comment_id=17886760726138832
173;;m.salander;29.11.17 20:16:09;0;@ninaaghniashvili ?? ???????, ??? ??????? ?? ??????????;https://www.instagram.com/p/BbKOFmfg6l3/?comment_id=17909962000009463
174;;alexandraa.balog;29.11.17 21:45:54;1;@ravi.adp ??;https://www.instagram.com/p/BbKOFmfg6l3/?comment_id=17893387267086741
175;;leandromartins14;30.11.17 07:38:29;1;@arits.a ??;https://www.instagram.com/p/BbKOFmfg6l3/?comment_id=17883958699167900
176;;rita.antuness;30.11.17 10:05:46;1;@leandromartins14 ??;https://www.instagram.com/p/BbKOFmfg6l3/?comment_id=17898238777098785
177;;ravi.vija;30.11.17 19:06:17;1;@alexandraa.balog omg ?? wonn gemma schaun?;https://www.instagram.com/p/BbKOFmfg6l3/?comment_id=17898398602106456
178;;alexandraa.balog;30.11.17 19:35:53;1;@ravi.adp valentinstag kummts ausi??;https://www.instagram.com/p/BbKOFmfg6l3/?comment_id=17851406758212582
179;;ravi.vija;30.11.17 19:39:43;1;@alexandraa.balog wurscht ?? außadem miassn wir jo nd am valentinstag geh ??;https://www.instagram.com/p/BbKOFmfg6l3/?comment_id=17882754028162984
180;;alexandraa.balog;30.11.17 19:45:34;1;@ravi.adp is romantischer ????;https://www.instagram.com/p/BbKOFmfg6l3/?comment_id=17880926263170067
181;;ravi.vija;30.11.17 19:50:43;0;@alexandraa.balog haha????perfekt hob e kan boyfriend zum Valentinstag ??;https://www.instagram.com/p/BbKOFmfg6l3/?comment_id=17911439326042152
182;;hollyedwards.xx;30.11.17 20:01:46;0;@ambermellor.x;https://www.instagram.com/p/BbKOFmfg6l3/?comment_id=17910319885046261
183;;ambermellorx;30.11.17 20:03:40;0;@hollyedwards.xx so excited;https://www.instagram.com/p/BbKOFmfg6l3/?comment_id=17886472645142423
184;;hollyedwards.xx;30.11.17 20:07:41;0;It looks sick ahhhh cinema date deffo;https://www.instagram.com/p/BbKOFmfg6l3/?comment_id=17884334086182852
185;;ericalittle_;30.11.17 21:40:33;0;@dburns710 YASSSSSSSS;https://www.instagram.com/p/BbKOFmfg6l3/?comment_id=17895938572120053
186;;marjpiq;01.12.17 14:05:17;1;@iamjaja96 ????????;https://www.instagram.com/p/BbKOFmfg6l3/?comment_id=17852553067202008
187;;elensalge;01.12.17 15:56:41;1;PUTA Q PARIU EU TÔ APAIXONADA CARAI @maymohallem;https://www.instagram.com/p/BbKOFmfg6l3/?comment_id=17910881248023744
188;;maymohallem;01.12.17 15:57:37;0;SEM COMENTÁRIOS @elengarciaa;https://www.instagram.com/p/BbKOFmfg6l3/?comment_id=17887340128184343
189;;theresaahein;01.12.17 21:45:45;0;@resisteger;https://www.instagram.com/p/BbKOFmfg6l3/?comment_id=17885555902190479
190;;resisteger;01.12.17 22:21:48;0;omggg vorfreude??;https://www.instagram.com/p/BbKOFmfg6l3/?comment_id=17893983664085534
191;;mariadiniz13;02.12.17 02:14:26;1;@jaueugenio;https://www.instagram.com/p/BbKOFmfg6l3/?comment_id=17851759267215329
192;;emmaaalbs;03.12.17 01:42:14;0;@_lolxtte_ ????!;https://www.instagram.com/p/BbKOFmfg6l3/?comment_id=17851898161215917
193;;lawen_mz;03.12.17 02:59:04;0;????????;https://www.instagram.com/p/BbKOFmfg6l3/?comment_id=17911901467063929
194;;delaram.ataeii;03.12.17 05:06:28;0;@mohiiii_1997_;https://www.instagram.com/p/BbKOFmfg6l3/?comment_id=17910324838039339
195;;mohiiii_1997_;03.12.17 05:12:09;0;@delaram.ataeii such a woooooooow;https://www.instagram.com/p/BbKOFmfg6l3/?comment_id=17884568770156026
196;;luzgemal;03.12.17 14:08:37;0;Liberadas? @marta2366;https://www.instagram.com/p/BbKOFmfg6l3/?comment_id=17884631446151948
197;;raisyaishaq;03.12.17 14:27:47;0;AAAAAKHHHHH @var_riz;https://www.instagram.com/p/BbKOFmfg6l3/?comment_id=17851885327213653
198;;_dana121_;03.12.17 21:09:35;0;Goals, da müssen wir unbedingt rein @hizzery;https://www.instagram.com/p/BbKOFmfg6l3/?comment_id=17910605119045188
199;;leonvnct;03.12.17 21:13:30;0;@_dana121_ unbedingt??????;https://www.instagram.com/p/BbKOFmfg6l3/?comment_id=17884432585155718
200;;gemrumble_xx;03.12.17 22:54:09;1;@xo_gem92_xo;https://www.instagram.com/p/BbKOFmfg6l3/?comment_id=17886092902184860
201;;irgendwannistnichtjetzt;04.12.17 20:01:26;1;@florenzthoermerofficial;https://www.instagram.com/p/BbKOFmfg6l3/?comment_id=17898481543115784
202;;im.not.ur.crush._;05.12.17 08:05:52;0;can’t wait hhh @jesiii.ca;https://www.instagram.com/p/BbKOFmfg6l3/?comment_id=17885076370188500
203;;_yayabohari;05.12.17 11:00:12;0;Canttttt wait ??????????????????;https://www.instagram.com/p/BbKOFmfg6l3/?comment_id=17896817929127912
204;;yasmina.jass;05.12.17 11:41:03;1;@s.a.b.r.i.n.ah  ohhh mon dieu j'ai hâte ?;https://www.instagram.com/p/BbKOFmfg6l3/?comment_id=17885815615190550
205;;wazilleyn;05.12.17 11:46:45;1;@africann.baee;https://www.instagram.com/p/BbKOFmfg6l3/?comment_id=17881803199172316
206;;avinityagi;05.12.17 20:52:27;0;@anmol_sirohi_  Soon??;https://www.instagram.com/p/BbKOFmfg6l3/?comment_id=17852410351209853
207;;anmol_sirohi_;06.12.17 05:48:46;0;@avinityagi Yeah?;https://www.instagram.com/p/BbKOFmfg6l3/?comment_id=17912112460000885
208;;ditaeritriana;06.12.17 07:53:31;0;@belasesarwati;https://www.instagram.com/p/BbKOFmfg6l3/?comment_id=17887503478141115
209;;sammichambo1991;06.12.17 11:27:05;1;@melissachamberlainx;https://www.instagram.com/p/BbKOFmfg6l3/?comment_id=17886209473159401
210;;_saqar_gh;06.12.17 20:01:31;0;@fatimahosseini_;https://www.instagram.com/p/BbKOFmfg6l3/?comment_id=17911286767062650
211;;pao.barajas;07.12.17 03:25:06;0;@josgonzalez.27 tieneeees que ir conmigo!! ??????;https://www.instagram.com/p/BbKOFmfg6l3/?comment_id=17915906800052902
212;;jpgonzalez.7;07.12.17 05:38:46;1;@pao.barajas hablas de la boda?/;https://www.instagram.com/p/BbKOFmfg6l3/?comment_id=17885558656189183
213;;pao.barajas;07.12.17 05:40:57;1;@josgonzalez.27 hablo de la peli y la boda??;https://www.instagram.com/p/BbKOFmfg6l3/?comment_id=17887043086132277
214;;jpgonzalez.7;07.12.17 06:18:53;0;Jajaja dos por uno?;https://www.instagram.com/p/BbKOFmfg6l3/?comment_id=17911583875061514
215;;jpgonzalez.7;07.12.17 06:18:57;0;Va;https://www.instagram.com/p/BbKOFmfg6l3/?comment_id=17882003773174311
216;;pao.barajas;07.12.17 10:57:09;0;Sii a lo que seaaa?????;https://www.instagram.com/p/BbKOFmfg6l3/?comment_id=17898760897098154
217;;ntann.e;07.12.17 12:06:43;0;A en j ay coming soon???? @winny_tunggono @hrpdirga_ @baariyantimursalimm @puputchann_ @adilafatmalia19 @asyaafrslya_;https://www.instagram.com/p/BbKOFmfg6l3/?comment_id=17913994471048617
218;;adilafatmalia19___;07.12.17 12:12:44;0;@ntann.e  sadis ??;https://www.instagram.com/p/BbKOFmfg6l3/?comment_id=17886765049151144
219;;evalotta.vgt;07.12.17 12:40:04;1;@xa.mtl see you ??;https://www.instagram.com/p/BbKOFmfg6l3/?comment_id=17913851578045610
220;;hrpdirga_;07.12.17 12:40:52;0;@adilafatmalia19 omg??;https://www.instagram.com/p/BbKOFmfg6l3/?comment_id=17852650339214620
221;;denizzeren__;07.12.17 15:16:52;0;@seko.bahadir eveetttt ??;https://www.instagram.com/p/BbKOFmfg6l3/?comment_id=17910826732005493
222;;npwgnr;07.12.17 16:40:48;0;@_jette.k_??;https://www.instagram.com/p/BbKOFmfg6l3/?comment_id=17996209270051549
223;;jaz_michele_;07.12.17 17:54:08;0;@fabul0uus yassssss;https://www.instagram.com/p/BbKOFmfg6l3/?comment_id=17852555536210938
224;;_jette.k_;07.12.17 18:08:08;0;????;https://www.instagram.com/p/BbKOFmfg6l3/?comment_id=17851994362216538
225;;naaagiiii;07.12.17 21:20:25;1;@mabellebetty @damlakelly @selvyabaci;https://www.instagram.com/p/BbKOFmfg6l3/?comment_id=17894674192085355
226;;nasyifarr;08.12.17 04:06:00;0;@nnurfitriaaa_ anjaiiii ada yg ke 3??????;https://www.instagram.com/p/BbKOFmfg6l3/?comment_id=17898908548114825
227;;mel_jade1;08.12.17 19:53:33;0;@laurajw_92;https://www.instagram.com/p/BbKOFmfg6l3/?comment_id=17882240221174268
228;;aevans102;09.12.17 19:32:09;0;Can't wait to see;https://www.instagram.com/p/BbKOFmfg6l3/?comment_id=17887824970180542
229;;amalbakes;09.12.17 20:28:46;0;Not the final pllllllz ??????????;https://www.instagram.com/p/BbKOFmfg6l3/?comment_id=17882591323175986
230;;aliner.tavares;10.12.17 01:09:13;0;Vamos começar a sofrencia;https://www.instagram.com/p/BbKOFmfg6l3/?comment_id=17911082194001963
231;;aliner.tavares;10.12.17 01:09:51;0;Vamos começar a sofrência @antoniatlj;https://www.instagram.com/p/BbKOFmfg6l3/?comment_id=17884354318161784
232;;rebeoberladstatter;10.12.17 02:24:55;0;@flor_aquino25;https://www.instagram.com/p/BbKOFmfg6l3/?comment_id=17895115879082070
233;;sallyna82;10.12.17 04:31:00;0;Can't wait;https://www.instagram.com/p/BbKOFmfg6l3/?comment_id=17912244958042591
234;;vegamnp;10.12.17 10:48:17;0;@hailyfh;https://www.instagram.com/p/BbKOFmfg6l3/?comment_id=17895037312087636
235;;hailyfh;10.12.17 10:50:35;0;?????????????????????????????????????????????????????????????????????????? @vegamnp;https://www.instagram.com/p/BbKOFmfg6l3/?comment_id=17913619285026437
236;;luciaagarciaa02;10.12.17 12:04:19;0;@betaniapla_;https://www.instagram.com/p/BbKOFmfg6l3/?comment_id=17906672596070253
237;;naddaaredaa;10.12.17 14:05:25;1;@habibakhattab25 @dalyamousalam @rinaal_ eh ya shbab?;https://www.instagram.com/p/BbKOFmfg6l3/?comment_id=17900137945114929
238;;dalyamousalam;10.12.17 14:06:30;0;@nadaelsaidd sad’eny hanbat 3and l cinema mn delw’ty????????;https://www.instagram.com/p/BbKOFmfg6l3/?comment_id=17899014136104170
239;;naddaaredaa;10.12.17 14:08:45;0;@dalyamousalam Aywa Ana ehsasie el hwa la valentine eh yenzll delw’tiie????????;https://www.instagram.com/p/BbKOFmfg6l3/?comment_id=17886340186152411
240;;anabaezlo;10.12.17 15:36:30;0;@ivan.ledesma.79827;https://www.instagram.com/p/BbKOFmfg6l3/?comment_id=17914216720027587
241;;namaslayy__;10.12.17 18:29:03;0;@siya_sabharwal broooo I seriously cant wait for this now ??????????;https://www.instagram.com/p/BbKOFmfg6l3/?comment_id=17887440094134817
242;;umairarifff;10.12.17 18:37:59;1;@syeda__namrah300;https://www.instagram.com/p/BbKOFmfg6l3/?comment_id=17913608563058763
243;;umairarifff;10.12.17 18:38:08;0;This movie;https://www.instagram.com/p/BbKOFmfg6l3/?comment_id=17912728018010413
244;;namaslayy__;10.12.17 18:38:17;0;@siya_sabharwal let’s goooo broooo ????;https://www.instagram.com/p/BbKOFmfg6l3/?comment_id=17897590027120208
245;;syeda__namrah300;10.12.17 18:39:47;0;@mentalretarpeep Nice ????;https://www.instagram.com/p/BbKOFmfg6l3/?comment_id=17871961912198798
246;;umairarifff;10.12.17 19:06:49;1;@syeda__namrah300 yolo ????;https://www.instagram.com/p/BbKOFmfg6l3/?comment_id=17911665157023249
247;;syeda__namrah300;10.12.17 19:31:16;0;@mentalretarpeep ????;https://www.instagram.com/p/BbKOFmfg6l3/?comment_id=17873115991196675
248;;me.n_.a;10.12.17 20:20:29;0;@tayebe_biabani @elahe___a.b.s;https://www.instagram.com/p/BbKOFmfg6l3/?comment_id=17852469049216150
249;;tayebe_biabani;10.12.17 20:36:37;0;@_.nasinw ??;https://www.instagram.com/p/BbKOFmfg6l3/?comment_id=17853189598214424
250;;dalyamousalam;10.12.17 21:10:20;0;@nadaelsaidd wanaa fashkh????????;https://www.instagram.com/p/BbKOFmfg6l3/?comment_id=17903316493079768
251;;adindarizkiaa;11.12.17 07:04:32;0;@catherinazahra;https://www.instagram.com/p/BbKOFmfg6l3/?comment_id=17912295271050228
252;;catherinazahra;11.12.17 09:29:27;0;can't wait @adindarizkiaa;https://www.instagram.com/p/BbKOFmfg6l3/?comment_id=17887537846186619
253;;catherinazahra;11.12.17 09:29:57;0;wkwkwkkw @arums029;https://www.instagram.com/p/BbKOFmfg6l3/?comment_id=17912947132002638
254;;smallpaulsmama;11.12.17 10:57:03;1;@mariamac4505;https://www.instagram.com/p/BbKOFmfg6l3/?comment_id=17912276218023998
255;;namaslayy__;11.12.17 14:41:03;0;@siya_sabharwal bro let’s gooooo yaar I am dyingggggg to see thiss??????????????;https://www.instagram.com/p/BbKOFmfg6l3/?comment_id=17886739483147478
256;;mariamac4505;11.12.17 17:52:49;0;@smallpaulsmama ????;https://www.instagram.com/p/BbKOFmfg6l3/?comment_id=17912246380010921
257;;kaylalalalala___;11.12.17 21:53:20;0;@shift_god_2 i wanna see this SO bad;https://www.instagram.com/p/BbKOFmfg6l3/?comment_id=17913936286036643
258;;averievowles;12.12.17 01:02:04;0;@jules_923;https://www.instagram.com/p/BbKOFmfg6l3/?comment_id=17907703729067321
259;;jules_smittyy;12.12.17 01:30:35;0;@averievowles MY VIRGIN EYES;https://www.instagram.com/p/BbKOFmfg6l3/?comment_id=17886315574152827
260;;jules_smittyy;12.12.17 01:30:42;0;@averievowles but also so hot;https://www.instagram.com/p/BbKOFmfg6l3/?comment_id=17912621002053659
261;;martaraasoo_;12.12.17 15:18:17;0;@anaisabelfm23 necesito verla YA DE YA;https://www.instagram.com/p/BbKOFmfg6l3/?comment_id=17899837072106855
262;;anaisabelfm23;12.12.17 15:31:35;0;Vamos a verla?? @_martaraasoo_;https://www.instagram.com/p/BbKOFmfg6l3/?comment_id=17899619509097880
263;;_jaqueliinee_;12.12.17 18:28:43;0;@nicole_ems da weist du ja wo wir hingehen ?????????;https://www.instagram.com/p/BbKOFmfg6l3/?comment_id=17912229382002845
264;;_.janamaria;13.12.17 17:03:05;1;@corinaheel;https://www.instagram.com/p/BbKOFmfg6l3/?comment_id=17882942320173226
265;;corinaheel;13.12.17 20:50:27;0;@_.janamaria i möcht dass er etz scho usr kunnt ??;https://www.instagram.com/p/BbKOFmfg6l3/?comment_id=17912647690031088
266;;_.janamaria;13.12.17 21:31:19;0;I o??;https://www.instagram.com/p/BbKOFmfg6l3/?comment_id=17913786412051397
267;;xheni.lekni;14.12.17 06:09:56;0;@_7gyst on the list ?;https://www.instagram.com/p/BbKOFmfg6l3/?comment_id=17853057859222166
268;;parisiah._;14.12.17 11:45:06;0;@he.di_mhd;https://www.instagram.com/p/BbKOFmfg6l3/?comment_id=17886313045180605
269;;marievandepoel;14.12.17 12:05:38;0;@stella_cuypers;https://www.instagram.com/p/BbKOFmfg6l3/?comment_id=17856304507202033
270;;marievandepoel;14.12.17 12:05:53;0;@marievandepoel kwil die nuuuuu zien;https://www.instagram.com/p/BbKOFmfg6l3/?comment_id=17898652063125862
271;;francescacarginale;14.12.17 18:39:22;0;sono in ansiaaaa!!!???? @camilla_marzari @chiaraparacchini_ @mafymariani @matildeterazzi;https://www.instagram.com/p/BbKOFmfg6l3/?comment_id=17886780703186855
272;;cmdeleon21;14.12.17 19:53:25;0;@anikka.mae;https://www.instagram.com/p/BbKOFmfg6l3/?comment_id=17903912776074586
273;;diebehasselbach;14.12.17 20:06:55;0;@h.t.a_ ik reserveer je voor Valentijns dag;https://www.instagram.com/p/BbKOFmfg6l3/?comment_id=17907462280071890
274;;shanttalcalderon;14.12.17 20:55:05;0;@samueljcabrera;https://www.instagram.com/p/BbKOFmfg6l3/?comment_id=17913118852021893
275;;rebaiaco;15.12.17 02:23:49;0;@michellineasantos;https://www.instagram.com/p/BbKOFmfg6l3/?comment_id=17853783175213648
276;;afianaic;15.12.17 04:11:49;0;say hello to mrs. grey? @aprlfia @kh_oif @silvianadewip @duwy_as @devisetywatii @diahliantii @auliaanayaa @selvitiarasr @indakks;https://www.instagram.com/p/BbKOFmfg6l3/?comment_id=17888717713141848
277;;diahliantii;15.12.17 05:30:13;0;Hello @afianaic;https://www.instagram.com/p/BbKOFmfg6l3/?comment_id=17913426919010807
278;;he.di_mhd;15.12.17 07:37:35;0;@_parisiah_ ??????????????????????vay khodaaa cheraa nemimiran inaaa;https://www.instagram.com/p/BbKOFmfg6l3/?comment_id=17885877166164150
279;;isi264;15.12.17 09:38:41;0;@hilke_362;https://www.instagram.com/p/BbKOFmfg6l3/?comment_id=17895669556088033
280;;devisyw;15.12.17 09:53:18;0;Omona?? @afianaic;https://www.instagram.com/p/BbKOFmfg6l3/?comment_id=17900563786117282
281;;chiaraparacchini_;15.12.17 13:17:34;0;@francescacarginale haaaaa;https://www.instagram.com/p/BbKOFmfg6l3/?comment_id=17912581657012292
282;;fitrianinnurul;16.12.17 11:46:01;0;Mba wis tau nonton film fifty shades of grey?  Kie kelanjutane... Tayang februari.  Nonton yak... ??????;https://www.instagram.com/p/BbKOFmfg6l3/?comment_id=17898527737124242
283;;fitrianinnurul;16.12.17 11:46:54;0;Mba @yantie_sisri @yanthie_sisri wis tau nonton fifty shadea of grey?  Kie kelanjutane... Nonton yak?  Apik mba filme;https://www.instagram.com/p/BbKOFmfg6l3/?comment_id=17913532972018557
284;;lamylili0;17.12.17 16:55:33;0;@wisssalll;https://www.instagram.com/p/BbKOFmfg6l3/?comment_id=17855180257202199
285;;wissalfaouki;17.12.17 16:57:27;0;@lamyae_sour a3oudo billaaah ??????;https://www.instagram.com/p/BbKOFmfg6l3/?comment_id=17855129803202894
286;;d.bianka;17.12.17 19:21:17;1;@mayergergo_  szulinapom alkalmabol 3. is kijon;https://www.instagram.com/p/BbKOFmfg6l3/?comment_id=17890073644138099
287;;mayergergo_;17.12.17 20:11:48;0;@d.bianka egyre rosszabb:D;https://www.instagram.com/p/BbKOFmfg6l3/?comment_id=17872347418197598
288;;d.bianka;17.12.17 20:12:28;0;@mayergergo_  egyertelmu:D;https://www.instagram.com/p/BbKOFmfg6l3/?comment_id=17913571129006507
289;;lopes.anna_;18.12.17 19:45:06;1;Manooo eu tô muito ansiosa pra ver este filmeee ?????????????? as salas de cinema vão lotar ???????? @miria_156;https://www.instagram.com/p/BbKOFmfg6l3/?comment_id=17884186798169300
290;;_miria.vitoria_;18.12.17 20:29:53;0;@heey.anninha_ vdd ??????????;https://www.instagram.com/p/BbKOFmfg6l3/?comment_id=17913820402060687
291;;umaalmira;19.12.17 05:45:08;0;@ariyani458;https://www.instagram.com/p/BbKOFmfg6l3/?comment_id=17913499006025913
292;;pialia642;19.12.17 21:01:31;1;Wir gehen zusammen darein oder??? @philippk1107;https://www.instagram.com/p/BbKOFmfg6l3/?comment_id=17901027679101005
293;;phil_0799;19.12.17 21:06:40;1;@pia642 aber natürlich??????;https://www.instagram.com/p/BbKOFmfg6l3/?comment_id=17886701539159909
294;;lilianortega_;20.12.17 01:41:00;0;@ennaortega;https://www.instagram.com/p/BbKOFmfg6l3/?comment_id=17885346955164959
295;;jenncantillo;20.12.17 17:37:09;0;@luisjaime_acosta;https://www.instagram.com/p/BbKOFmfg6l3/?comment_id=17883947734172830
296;;veraestelam;21.12.17 02:02:07;0;????;https://www.instagram.com/p/BbKOFmfg6l3/?comment_id=17856150094201811
297;;_liziee_;21.12.17 08:03:44;0;@karinad26;https://www.instagram.com/p/BbKOFmfg6l3/?comment_id=17903559934116733
298;;karinad26;21.12.17 08:08:39;0;@_liziee_ ??;https://www.instagram.com/p/BbKOFmfg6l3/?comment_id=17856230974206970
299;;allissa_ti;21.12.17 17:53:57;1;@estella_mund ????can’t wait anymore;https://www.instagram.com/p/BbKOFmfg6l3/?comment_id=17901494365118117
300;;florencia1697;21.12.17 18:10:39;0;@viquiiflores1807  Ya llegaaaaa ??;https://www.instagram.com/p/BbKOFmfg6l3/?comment_id=17887088539155071
301;;ellariiski;21.12.17 19:01:59;0;@nettapohjavirta1;https://www.instagram.com/p/BbKOFmfg6l3/?comment_id=17884151227171785
302;;_summer_brooke;22.12.17 03:34:13;0;@z.w.r._.14 ???? I’m so excited;https://www.instagram.com/p/BbKOFmfg6l3/?comment_id=17908736734064144
303;;valentinajaco;22.12.17 14:29:26;0;Kan fan inte vänta!!!! @ardijanabatusha;https://www.instagram.com/p/BbKOFmfg6l3/?comment_id=17886159172163773
304;;zytaastari;23.12.17 14:53:27;0;@tizhazmith;https://www.instagram.com/p/BbKOFmfg6l3/?comment_id=17909023078070035
305;;sabriramallo4890;24.12.17 01:48:58;1;@elyfer35  @vem_21 @eloju14  muerooooooo;https://www.instagram.com/p/BbKOFmfg6l3/?comment_id=17908333411070122
306;;leonnytumbel;24.12.17 02:13:35;0;@raranisaputri  ini film nya;https://www.instagram.com/p/BbKOFmfg6l3/?comment_id=17897466094094710
307;;raranisaputri;24.12.17 02:14:37;0;Hahhaa njiir lngsung kissing aj ???? @leonnytumbel;https://www.instagram.com/p/BbKOFmfg6l3/?comment_id=17901371842115385
308;;leonnytumbel;24.12.17 02:16:16;0;@raranisaputri jgn d cari ntar ketagihan ??;https://www.instagram.com/p/BbKOFmfg6l3/?comment_id=17908670611065638
309;;raranisaputri;24.12.17 02:20:44;0;Hahhaa njiir lngsung kissing aj ???? @leonnytumbel;https://www.instagram.com/p/BbKOFmfg6l3/?comment_id=17909075824071329
310;;reem_ashraaff;25.12.17 18:32:28;0;@_hussein__  wdeny ashofo ??;https://www.instagram.com/p/BbKOFmfg6l3/?comment_id=17914683583032992
311;;_hussein__;25.12.17 18:38:29;0;@weem_ashraf n5ls emt7anat bas??;https://www.instagram.com/p/BbKOFmfg6l3/?comment_id=17890244386186089
312;;jennieb410;25.12.17 20:07:23;2;@lisaendrodi @tracywatts23 @emileyjoness;https://www.instagram.com/p/BbKOFmfg6l3/?comment_id=17918343493028487
313;;gabiimilagrees;26.12.17 04:25:31;1;@caroolsoaresm ??;https://www.instagram.com/p/BbKOFmfg6l3/?comment_id=17907115369075906
314;;vaimalondra;26.12.17 04:48:18;0;@maria.josepg;https://www.instagram.com/p/BbKOFmfg6l3/?comment_id=17888191363153648
315;;maria.josepg;26.12.17 05:16:07;0;@alondracevedorios  wna tenemos que verla;https://www.instagram.com/p/BbKOFmfg6l3/?comment_id=17915170813053133
316;;mahdiyeh.rs;26.12.17 06:00:23;0;@saharqafariii;https://www.instagram.com/p/BbKOFmfg6l3/?comment_id=17915041435049528
317;;iam.kennii;26.12.17 06:40:31;0;@rudeboii_jay;https://www.instagram.com/p/BbKOFmfg6l3/?comment_id=17884935022169498
318;;itsmeraniaaaa;26.12.17 09:44:09;0;Anjirrrr langsung nyosor aja @duwiueo @annisa__mr @kikinurfadillaa;https://www.instagram.com/p/BbKOFmfg6l3/?comment_id=17902035670107471
319;;kikinurfadillaa;26.12.17 10:42:26;0;@anggrenyrania alig dah alig;https://www.instagram.com/p/BbKOFmfg6l3/?comment_id=17915352892061913
320;;bekkkiii;26.12.17 10:57:38;0;@kevinjayrobinson;https://www.instagram.com/p/BbKOFmfg6l3/?comment_id=17901913648115013
321;;itsmeraniaaaa;26.12.17 11:12:29;0;@kikinurfadillaa banyangin sama mas ganteng aku;https://www.instagram.com/p/BbKOFmfg6l3/?comment_id=17874712948195053
322;;eriany.lima;26.12.17 12:28:35;1;@thays_amp;https://www.instagram.com/p/BbKOFmfg6l3/?comment_id=17887487917156152
323;;caroolsoaresm;26.12.17 12:34:43;0;@gabiimilagrees ahhhhh ??;https://www.instagram.com/p/BbKOFmfg6l3/?comment_id=17856844360203770
324;;zahrhmd;26.12.17 12:43:39;0;@tikafatihatul booking tiket sana;https://www.instagram.com/p/BbKOFmfg6l3/?comment_id=17897772307080904
325;;tikafatihatul;26.12.17 12:47:53;0;@zahrhmd Ayohhh;https://www.instagram.com/p/BbKOFmfg6l3/?comment_id=17897930845093625
326;;mel_prv;26.12.17 13:50:16;0;@sdfkml;https://www.instagram.com/p/BbKOFmfg6l3/?comment_id=17888736199146740
327;;loreetabekteshi;26.12.17 14:14:55;2;@diellzapodvorica  @albiona32;https://www.instagram.com/p/BbKOFmfg6l3/?comment_id=17898162769082455
328;;thays_amp;26.12.17 15:03:15;0;@erianylima  só vem ??;https://www.instagram.com/p/BbKOFmfg6l3/?comment_id=17890352584131235
329;;yuree.a5;26.12.17 17:17:58;1;@evelynfernandes0;https://www.instagram.com/p/BbKOFmfg6l3/?comment_id=17888302717178907
330;;crissuarez2000;26.12.17 17:37:39;0;@eriick_brand;https://www.instagram.com/p/BbKOFmfg6l3/?comment_id=17919826240004464
331;;eriick_brand;26.12.17 17:42:59;1;@crissuarez2000 ya lo vi mi amor??????;https://www.instagram.com/p/BbKOFmfg6l3/?comment_id=17915764237058593
332;;stylewithvelvet;26.12.17 18:31:50;0;@ashbb9 i can’t wait!!!!!;https://www.instagram.com/p/BbKOFmfg6l3/?comment_id=17912149513071264
333;;ashbb9;26.12.17 18:56:24;0;@stylewithvelvet ??????????????;https://www.instagram.com/p/BbKOFmfg6l3/?comment_id=17900283478126019
334;;river.rb;26.12.17 18:59:01;0;@fedilynmapalo @fedilyn94;https://www.instagram.com/p/BbKOFmfg6l3/?comment_id=17915525893018586
335;;nebranham87;26.12.17 21:58:52;0;@randee_sue1120 @johnbranii;https://www.instagram.com/p/BbKOFmfg6l3/?comment_id=17888242702181155
336;;diellzapodvorica;26.12.17 23:58:35;0;@loreetabekteshi dont missss it??;https://www.instagram.com/p/BbKOFmfg6l3/?comment_id=17914927675023000
337;;kaygomez_xoxo;27.12.17 01:28:20;0;@uhthelimitdoesnotexist @megandmakeup still can’t forget about this bad boy it will be here before you know it;https://www.instagram.com/p/BbKOFmfg6l3/?comment_id=17897910067092992
338;;kary_andreea;27.12.17 13:24:42;0;@ops.sasha;https://www.instagram.com/p/BbKOFmfg6l3/?comment_id=17890047175184840
339;;whosaidiwasa;27.12.17 17:15:55;0;I can't waiiittttttttttttt;https://www.instagram.com/p/BbKOFmfg6l3/?comment_id=17858378743203219
340;;stylewithvelvet;27.12.17 19:56:59;0;@irenederoos;https://www.instagram.com/p/BbKOFmfg6l3/?comment_id=17890634632189226
341;;tavoosuazoo;27.12.17 21:19:24;0;@marcela.oyuela;https://www.instagram.com/p/BbKOFmfg6l3/?comment_id=17916306355029268
342;;luuhml_;27.12.17 21:40:10;1;@kaylinha_santos;https://www.instagram.com/p/BbKOFmfg6l3/?comment_id=17898458326087598
343;;mcoyuela;27.12.17 21:46:29;0;@tavoosuazoo muero ??;https://www.instagram.com/p/BbKOFmfg6l3/?comment_id=17855504602222957
344;;kaylinha_santos;27.12.17 21:46:35;0;@luuhml_ pode vim ????;https://www.instagram.com/p/BbKOFmfg6l3/?comment_id=17855401633223932
345;;kiara_gonzalez2408;27.12.17 23:10:32;0;@rikawricc2;https://www.instagram.com/p/BbKOFmfg6l3/?comment_id=17897860126080514
346;;yasminlbarbosa;28.12.17 01:54:38;0;@luiizasep NÃO TENHO MATURIDADE PRA ISSO!;https://www.instagram.com/p/BbKOFmfg6l3/?comment_id=17915918053019514
347;;rays_alexandra;28.12.17 11:39:20;0;@geecarlton @abibendall;https://www.instagram.com/p/BbKOFmfg6l3/?comment_id=17888005711166909
348;;_.blurryfaxe._;29.12.17 00:48:33;0;@fraise.pere;https://www.instagram.com/p/BbKOFmfg6l3/?comment_id=17889587920185793
349;;queiroz_015;29.12.17 01:38:06;0;@alanda_santtos;https://www.instagram.com/p/BbKOFmfg6l3/?comment_id=17887048810166575
350;;luana_rascionato88;29.12.17 06:47:04;0;@antoniettaceletta ....??????????;https://www.instagram.com/p/BbKOFmfg6l3/?comment_id=17890973533130584
351;;aysegulfedar;29.12.17 08:13:19;0;Nas?l bekleyecepim ke?ke görmeseydim ?? @merveoget;https://www.instagram.com/p/BbKOFmfg6l3/?comment_id=17888349253182204
352;;merveoget;29.12.17 08:17:17;0;@aysegulfedar hahhahah az beklicez cnm ??;https://www.instagram.com/p/BbKOFmfg6l3/?comment_id=17898072517095690
353;;solene_lvs;29.12.17 08:18:35;0;@emmabnp regarde ça????;https://www.instagram.com/p/BbKOFmfg6l3/?comment_id=17917632535047496
354;;emmabnp;29.12.17 08:20:45;0;@slnavs omg ??;https://www.instagram.com/p/BbKOFmfg6l3/?comment_id=17915124697036797
355;;yisramir;29.12.17 16:08:27;0;@najah.meksassi;https://www.instagram.com/p/BbKOFmfg6l3/?comment_id=17892219922142630
356;;pau.bly;29.12.17 18:07:34;0;@gaelle_scorpi;https://www.instagram.com/p/BbKOFmfg6l3/?comment_id=17857221106200701
357;;agardner2423;29.12.17 23:07:07;0;@meggggardo;https://www.instagram.com/p/BbKOFmfg6l3/?comment_id=17915337487031280
358;;maatilddaaa;30.12.17 10:40:47;1;@karolinmagnusson  @eemmaa.h  o herre slutet;https://www.instagram.com/p/BbKOFmfg6l3/?comment_id=17916705040003559
359;;karolinmagnusson;30.12.17 12:19:31;0;@maatilddaaa ????;https://www.instagram.com/p/BbKOFmfg6l3/?comment_id=17857798393205950
360;;sarah.bsnt;30.12.17 13:14:33;1;@elisa.wger habt dir das erzählt mit Climax ne ??????;https://www.instagram.com/p/BbKOFmfg6l3/?comment_id=17890784194190498
361;;elisa.wger;30.12.17 14:02:02;1;@sarah_basnet jaaaaa??;https://www.instagram.com/p/BbKOFmfg6l3/?comment_id=17888664406156107
362;;i.na.z;30.12.17 17:26:55;0;@sogandmaghsoodi;https://www.instagram.com/p/BbKOFmfg6l3/?comment_id=17903327863109485
363;;mohadese.shbozorgi;30.12.17 20:37:05;0;@mobina_.tm qesmate jadidesh????;https://www.instagram.com/p/BbKOFmfg6l3/?comment_id=17909608102068907
364;;dlttttaccounttt_;30.12.17 20:47:20;0;@mohadese.shiroodi ????????jooon;https://www.instagram.com/p/BbKOFmfg6l3/?comment_id=17885586772170969
365;;dlttttaccounttt_;30.12.17 20:47:47;0;@fateme____r14 @shad_hoseini @taraborjkhani  qesmate jadiidesh;https://www.instagram.com/p/BbKOFmfg6l3/?comment_id=17912121259068045
366;;bsteshoddddddddsh;31.12.17 09:32:16;0;@elmira_mahvash74;https://www.instagram.com/p/BbKOFmfg6l3/?comment_id=17889234916149436
367;;paigestokes23;31.12.17 18:13:37;0;@carly_stilwell o m g;https://www.instagram.com/p/BbKOFmfg6l3/?comment_id=17891778295186293
368;;carly_stilwell;31.12.17 18:14:32;1;@paigestokes23 omg I know! it’s going to be amazingggg;https://www.instagram.com/p/BbKOFmfg6l3/?comment_id=17916183814055496
369;;paigestokes23;31.12.17 19:11:17;0;@carly_stilwell i want it to be valentine’s day already??;https://www.instagram.com/p/BbKOFmfg6l3/?comment_id=17908057603073134
370;;sarahpretorius13;31.12.17 20:09:13;0;@rebekahschauer;https://www.instagram.com/p/BbKOFmfg6l3/?comment_id=17917240855029757
371;;essajenny;31.12.17 20:48:19;1;@_heeber_  okay so I kinda want to watch this now , looks nice ????;https://www.instagram.com/p/BbKOFmfg6l3/?comment_id=17898685231088067
372;;_heeber_;31.12.17 23:09:33;1;@essajenny so you want to even if you didn’t see darker?;https://www.instagram.com/p/BbKOFmfg6l3/?comment_id=17889874063192835
373;;essajenny;31.12.17 23:10:12;0;@_heeber_ ehhhh Iam tempted too;https://www.instagram.com/p/BbKOFmfg6l3/?comment_id=17891703037142480
374;;x.llfo18;01.01.18 00:03:06;0;@alciadlv12;https://www.instagram.com/p/BbKOFmfg6l3/?comment_id=17843103709226100
375;;cynthia_cdb;01.01.18 02:57:40;0;@fir_cdb;https://www.instagram.com/p/BbKOFmfg6l3/?comment_id=17889535876150887
376;;rajut93;01.01.18 07:17:56;0;@adam_ardian_;https://www.instagram.com/p/BbKOFmfg6l3/?comment_id=17886006529170203
377;;the_tasia_and_levi_life;01.01.18 15:22:13;0;@_ak63_;https://www.instagram.com/p/BbKOFmfg6l3/?comment_id=17915681971046181
378;;hannahgdobbin;01.01.18 18:58:23;0;@sophiebone_;https://www.instagram.com/p/BbKOFmfg6l3/?comment_id=17916041140040593
379;;victoriadigiorgio;01.01.18 19:02:30;0;@gianpieropalmieri_ ves? Hay que verla amor;https://www.instagram.com/p/BbKOFmfg6l3/?comment_id=17916919843019012
380;;lilian_elenhorn;01.01.18 23:55:04;0;@adina_elenhorn oh jeez. counting down;https://www.instagram.com/p/BbKOFmfg6l3/?comment_id=17916154810006995
381;;yajairagonzalez14;02.01.18 03:33:48;0;@b.nichole17;https://www.instagram.com/p/BbKOFmfg6l3/?comment_id=17903274970099935
382;;eleanorsavannah;02.01.18 03:35:17;0;@89_z71_4x4  SO EXCITED;https://www.instagram.com/p/BbKOFmfg6l3/?comment_id=17886109231172630
383;;lamijafazlic;02.01.18 18:03:32;1;Im crying my ass off @adineemelia @emmakumro;https://www.instagram.com/p/BbKOFmfg6l3/?comment_id=17856416398218285
384;;aleyna.yur;02.01.18 21:49:20;0;@yalizeynepp @ekineskinat @ilaydaayalvac hey gidi Grey heey sen de yola geldin????;https://www.instagram.com/p/BbKOFmfg6l3/?comment_id=17891877682133514
385;;caroline_brahe;03.01.18 10:54:12;0;@najagreen ??;https://www.instagram.com/p/BbKOFmfg6l3/?comment_id=17917102507026655
386;;blockedforalongtime;03.01.18 16:15:47;0;@fatmirhavolli  spom pritet;https://www.instagram.com/p/BbKOFmfg6l3/?comment_id=17888470201163419
387;;hhkjhhgfhk;03.01.18 16:19:00;0;@lolaazeqiri veq edhe pak zemer haha;https://www.instagram.com/p/BbKOFmfg6l3/?comment_id=17891020018188043
388;;biancateppy;04.01.18 01:18:40;0;@ichachaunts;https://www.instagram.com/p/BbKOFmfg6l3/?comment_id=17903556637118051
389;;fllanzasopaj;05.01.18 22:00:39;1;@bettina.elezi;https://www.instagram.com/p/BbKOFmfg6l3/?comment_id=17916493327011377
390;;maliaboo_love;06.01.18 08:06:09;0;@central_valley_209;https://www.instagram.com/p/BbKOFmfg6l3/?comment_id=17916358729003794
391;;najagreen;06.01.18 09:09:04;0;@caroline_brahe ????;https://www.instagram.com/p/BbKOFmfg6l3/?comment_id=17917115023011922
392;;jillrodriguez_;06.01.18 19:50:52;0;@_jaimielee_ ASDFGHJKL;https://www.instagram.com/p/BbKOFmfg6l3/?comment_id=17890595056181011
393;;shr_pourian;06.01.18 20:27:11;0;@nick._.ma;https://www.instagram.com/p/BbKOFmfg6l3/?comment_id=17916627868019490
394;;virginiadettori;07.01.18 08:35:45;0;@andreabatzellaa ma se a me fa schifo al cazzo quedto film;https://www.instagram.com/p/BbKOFmfg6l3/?comment_id=17899777696083058
395;;fedeebolliri;07.01.18 09:04:57;0;@andreabatzellaa io non ho visto gli altri film;https://www.instagram.com/p/BbKOFmfg6l3/?comment_id=17888661868162339
396;;hibaaaby;07.01.18 20:36:40;0;@rachel_scotland da müssen wir ja hin! ??????;https://www.instagram.com/p/BbKOFmfg6l3/?comment_id=17843841901232482
397;;africamdrzz;08.01.18 18:07:34;0;@paulaaa.crd04;https://www.instagram.com/p/BbKOFmfg6l3/?comment_id=17916099850026146
398;;antoonio56;08.01.18 19:11:27;0;@africadl17 vava ya me voy entenderando ??;https://www.instagram.com/p/BbKOFmfg6l3/?comment_id=17917906657047338
399;;tarynabieri;08.01.18 22:41:28;0;@roseller14;https://www.instagram.com/p/BbKOFmfg6l3/?comment_id=17844009946243103
400;;ameeka_ali;09.01.18 01:01:40;0;@sara_raveena.xo;https://www.instagram.com/p/BbKOFmfg6l3/?comment_id=17908818508077989
401;;consu__escobar;09.01.18 16:28:29;0;@cristi_valenzuela;https://www.instagram.com/p/BbKOFmfg6l3/?comment_id=17892532069186701
402;;mariaalerojas1;10.01.18 01:27:22;0;Sabes como se llama la  canción? @j20david;https://www.instagram.com/p/BbKOFmfg6l3/?comment_id=17844174859232054
403;;mariaalerojas1;10.01.18 01:27:51;0;Sabes  como se llama la canción @mildiesimonet;https://www.instagram.com/p/BbKOFmfg6l3/?comment_id=17887354039170727
404;;mildiesimonet;10.01.18 13:50:45;0;@mariaalerojas1 Ellie Goulding -  love me like you do;https://www.instagram.com/p/BbKOFmfg6l3/?comment_id=17919517456050605
405;;febriana.dwi.s;10.01.18 14:24:49;0;Final chapter nya @youyoe;https://www.instagram.com/p/BbKOFmfg6l3/?comment_id=17917358041006638
406;;youyoe;10.01.18 14:30:41;0;@febriana.dwi.s iyo wehhh;https://www.instagram.com/p/BbKOFmfg6l3/?comment_id=17919227788041097
407;;simonensandrasnijder;10.01.18 21:06:50;1;@justgoglobal;https://www.instagram.com/p/BbKOFmfg6l3/?comment_id=17917856728043855
408;;_analucia___;10.01.18 21:36:20;1;@pietradominicis babando;https://www.instagram.com/p/BbKOFmfg6l3/?comment_id=17844904582231001
409;;pietradominicis;10.01.18 21:41:55;0;@anna.lucia.8 quero;https://www.instagram.com/p/BbKOFmfg6l3/?comment_id=17904750220115315
410;;angelena06;10.01.18 21:47:11;0;You ready!!!! ???? @jiu_vapesu;https://www.instagram.com/p/BbKOFmfg6l3/?comment_id=17889140065165615
411;;nare_kre;11.01.18 09:15:52;2;@aa.jas @_dliya @mrstrsv !!!!!!!!!!!!!!!!;https://www.instagram.com/p/BbKOFmfg6l3/?comment_id=17859325561205163
412;;mrstrsv;11.01.18 12:04:12;1;@nare.kre Kino !!!!;https://www.instagram.com/p/BbKOFmfg6l3/?comment_id=17891714164187831
413;;ambarcea;12.01.18 13:09:42;0;@galihmegowulan;https://www.instagram.com/p/BbKOFmfg6l3/?comment_id=17917939828057457
414;;americagomezz;13.01.18 16:56:41;0;@gisellechavezz24 @arichav can't wait ??;https://www.instagram.com/p/BbKOFmfg6l3/?comment_id=17918798524049733
415;;minavolturi;14.01.18 12:26:30;0;@labriddy die Frisur ??;https://www.instagram.com/p/BbKOFmfg6l3/?comment_id=17918006320041616
416;;shamitab;14.01.18 18:22:42;0;@fatz_c19;https://www.instagram.com/p/BbKOFmfg6l3/?comment_id=17905868041096782
417;;mnp2711;16.01.18 03:15:07;0;The trilogy of films is wonderful and the acting amazing. Thank you for these movies.;https://www.instagram.com/p/BbKOFmfg6l3/?comment_id=17920090771015352
418;;ichaanrhlz;17.01.18 04:41:50;0;@widirhmdi;https://www.instagram.com/p/BbKOFmfg6l3/?comment_id=17907312832119563
419;;liaa1224;17.01.18 08:19:19;0;@endsclusive;https://www.instagram.com/p/BbKOFmfg6l3/?comment_id=17918785246059195
420;;thesaharx;17.01.18 20:29:02;0;@mhdiye.z;https://www.instagram.com/p/BbKOFmfg6l3/?comment_id=17877795676194106
421;;monicavazirani;17.01.18 23:48:11;0;@thillustrations ????;https://www.instagram.com/p/BbKOFmfg6l3/?comment_id=17919081067010387
422;;vijhdipasha04;18.01.18 16:13:16;1;@hemang_mehtaa ???? Christian?;https://www.instagram.com/p/BbKOFmfg6l3/?comment_id=17891800606176019
423;;vijhdipasha04;18.01.18 16:13:46;1;@neekohsuhsna Cnt wait?????????????????????;https://www.instagram.com/p/BbKOFmfg6l3/?comment_id=17911132945079722
424;;hemang_mehtaa;18.01.18 18:05:44;1;"@vijhdipasha ""christian?""???? Ok??";https://www.instagram.com/p/BbKOFmfg6l3/?comment_id=17919582616045479
425;;vijhdipasha04;19.01.18 02:24:52;1;@hemang_mehtaa ????Haan Christian???okay!??????;https://www.instagram.com/p/BbKOFmfg6l3/?comment_id=17919385114037230
426;;annssshhhuu;19.01.18 08:02:48;1;@vijhdipasha helllll yeahhhhhhhh ??????????????????????????????;https://www.instagram.com/p/BbKOFmfg6l3/?comment_id=17901755188095601
427;;hemang_mehtaa;19.01.18 08:43:12;0;@vijhdipasha hmmmmm??????;https://www.instagram.com/p/BbKOFmfg6l3/?comment_id=17906214790107303
428;;alaatarekx;21.01.18 19:48:23;0;@jomana_mostafa59  da y7ola;https://www.instagram.com/p/BbKOFmfg6l3/?comment_id=17918872789046772
429;;lannarios;22.01.18 02:53:11;1;@dehmdias vou pirar até a estréia;https://www.instagram.com/p/BbKOFmfg6l3/?comment_id=17893161511181148
430;;radisic_b;23.01.18 00:00:36;0;@bajic_05 taraaaa jos maloooo ??;https://www.instagram.com/p/BbKOFmfg6l3/?comment_id=17893069930155257
431;;_.devina._;23.01.18 12:47:06;0;@iambhaarat ????;https://www.instagram.com/p/BbKOFmfg6l3/?comment_id=17919868495002471
432;;edwardnormanbeverleythethird;24.01.18 06:54:06;0;??;https://www.instagram.com/p/BbKOFmfg6l3/?comment_id=17920782001034552
433;;romi.deri;24.01.18 15:16:54;1;@nofar.gorani1 ?????? ?????? ?? ????? ???? ?????!!!;https://www.instagram.com/p/BbKOFmfg6l3/?comment_id=17911933951074049
434;;jessi_ramos23;24.01.18 17:13:18;1;@miryan_macedo  @fernandananda.fa20;https://www.instagram.com/p/BbKOFmfg6l3/?comment_id=17915460694066867
435;;miryan_macedo;24.01.18 22:24:36;0;@jessi_ramos23 Topppp????;https://www.instagram.com/p/BbKOFmfg6l3/?comment_id=17921140399035652
436;;irizaseptika;25.01.18 03:43:03;0;@debbyhutagalung7 ????;https://www.instagram.com/p/BbKOFmfg6l3/?comment_id=17920201042039781
437;;debbyhutagalung;25.01.18 04:57:39;0;?????? nonton berjamaah kita??;https://www.instagram.com/p/BbKOFmfg6l3/?comment_id=17843448712245992
438;;nofargorani;25.01.18 05:20:56;0;@romi.deri ???? ???? ?? ??;https://www.instagram.com/p/BbKOFmfg6l3/?comment_id=17895547711134385
439;;debbyhutagalung;25.01.18 14:33:03;0;@ernizasyahbani_;https://www.instagram.com/p/BbKOFmfg6l3/?comment_id=17919798505060910
440;;sohniyeee;27.01.18 11:53:12;1;@aadil_yzai;https://www.instagram.com/p/BbKOFmfg6l3/?comment_id=17903191675086603
441;;aadil_yzai;27.01.18 12:06:45;1;@sonaswan ????;https://www.instagram.com/p/BbKOFmfg6l3/?comment_id=17861548462212372
442;;loucaramori;27.01.18 20:40:24;0;@luizatbernardi @laisdietrich;https://www.instagram.com/p/BbKOFmfg6l3/?comment_id=17908400281107698
443;;naty_lamber;30.01.18 02:52:21;0;@crp_131;https://www.instagram.com/p/BbKOFmfg6l3/?comment_id=17922060721000721
444;;fatini.halim;31.01.18 10:53:35;0;@tengku.putera69;https://www.instagram.com/p/BbKOFmfg6l3/?comment_id=17908470928114413
445;;sanesmonica;31.01.18 14:39:44;0;@evandvara;https://www.instagram.com/p/BbKOFmfg6l3/?comment_id=17922054571060896
446;;_kimie31;01.02.18 02:51:39;2;@kat_smith13;https://www.instagram.com/p/BbKOFmfg6l3/?comment_id=17898286609140096
447;;kat_smith13;01.02.18 02:56:35;1;@_kimie31 vamos a verla ??;https://www.instagram.com/p/BbKOFmfg6l3/?comment_id=17897253589136924
448;;_kimie31;01.02.18 03:04:59;0;@kat_smith13 siiiiiiiii;https://www.instagram.com/p/BbKOFmfg6l3/?comment_id=17897108971134776
449;;_kimie31;01.02.18 03:05:12;1;@kat_smith13 vamos;https://www.instagram.com/p/BbKOFmfg6l3/?comment_id=17898562747143188
450;;tasyakew;01.02.18 15:31:54;0;@dennis_darmawan49;https://www.instagram.com/p/BbKOFmfg6l3/?comment_id=17881403929199470
451;;clne_grndg;01.02.18 17:43:56;0;@maikel308 ??????;https://www.instagram.com/p/BbKOFmfg6l3/?comment_id=17849408986231255
452;;grace_clover;01.02.18 23:31:08;1;@lunacasassa;https://www.instagram.com/p/BbKOFmfg6l3/?comment_id=17909559718115425
453;;brendalovemorfin;02.02.18 09:08:04;0;@cmorfin95 @queenn.97 yassss!;https://www.instagram.com/p/BbKOFmfg6l3/?comment_id=17862633913208255
454;;anikablbtr;02.02.18 11:27:14;0;@chantalsieger ?????? ich kann es kaum noch abwarten;https://www.instagram.com/p/BbKOFmfg6l3/?comment_id=17923475152028356
455;;mara_shlfke;02.02.18 20:05:05;0;@ivy_richter ich sterbe haha;https://www.instagram.com/p/BbKOFmfg6l3/?comment_id=17908730581105153
456;;red_kiki86;03.02.18 00:56:57;0;@mista_insta_809 I want to watch this!! Yes pls!! ???????????;https://www.instagram.com/p/BbKOFmfg6l3/?comment_id=17910146587103001
457;;fia_zkr94;03.02.18 01:37:43;0;?@dhe.maftu;https://www.instagram.com/p/BbKOFmfg6l3/?comment_id=17922265399034831
458;;adhemaftu;03.02.18 01:39:03;0;Apaan sih ngirim ginian @fia_zkr94;https://www.instagram.com/p/BbKOFmfg6l3/?comment_id=17897095837191493
459;;elmasilviani;03.02.18 08:41:06;0;Kung @liahpurnawati;https://www.instagram.com/p/BbKOFmfg6l3/?comment_id=17897969905139966
460;;liahpurnawati;03.02.18 15:13:34;0;Nonton di singapore yap @elmasilviani;https://www.instagram.com/p/BbKOFmfg6l3/?comment_id=17893260937161367
461;;elmasilviani;03.02.18 15:22:49;0;Yap modal nekad @liahpurnawati;https://www.instagram.com/p/BbKOFmfg6l3/?comment_id=17922417442037236
462;;jisookellylee;03.02.18 20:20:59;0;@glossiealexie  he's freaking hot;https://www.instagram.com/p/BbKOFmfg6l3/?comment_id=17923373947058890
463;;jisookellylee;03.02.18 20:21:37;1;@glossiealexie ? ?? ??? ???? ??? ??? ????? ??????? ??????;https://www.instagram.com/p/BbKOFmfg6l3/?comment_id=17896022734189536
464;;glossiealexie;04.02.18 01:02:53;0;@xx_jslee ????????????? ??? ????? ???? ???!!!?? ?? ??? ?? ?? ? ?? ?? ?? ?? ? ??? ??;https://www.instagram.com/p/BbKOFmfg6l3/?comment_id=17922478915020479
465;;jisookellylee;04.02.18 01:20:56;1;@glossiealexie ?? ??? ???.. ?????????? ????? ?? ???....;https://www.instagram.com/p/BbKOFmfg6l3/?comment_id=17895006577159479
466;;jisookellylee;04.02.18 01:22:05;1;@glossiealexie ??? ?????.... ??? ??? ??????;https://www.instagram.com/p/BbKOFmfg6l3/?comment_id=17896816000132866
467;;glossiealexie;04.02.18 03:22:19;0;@xx_jslee ??? ?? ?? ??;https://www.instagram.com/p/BbKOFmfg6l3/?comment_id=17921797993010102
468;;lau__c4;06.02.18 19:27:10;0;@andreiateixeira12;https://www.instagram.com/p/BbKOFmfg6l3/?comment_id=17845740538245346
469;;berenice.siquier;07.02.18 12:22:00;1;@duguetlea;https://www.instagram.com/p/BbKOFmfg6l3/?comment_id=17864182582211886
470;;majkss_;07.02.18 20:00:39;2;@olgs_999;https://www.instagram.com/p/BbKOFmfg6l3/?comment_id=17896059889156173
;470-1;olgs_999;07.02.18 20:01:24;1;@majkss_ ja chceer;https://www.instagram.com/p/BbKOFmfg6l3/?comment_id=17896059889156173
471;;sja81;07.02.18 22:19:40;1;@saz7964 ????????????;https://www.instagram.com/p/BbKOFmfg6l3/?comment_id=17851391776225526
;471-1;sls7964;07.02.18 23:00:47;1;@sja81 cannot wait!!!! ??????????????????;https://www.instagram.com/p/BbKOFmfg6l3/?comment_id=17851391776225526
472;;eminaxhr;08.02.18 21:35:01;2;@dominik_wgr ??????;https://www.instagram.com/p/BbKOFmfg6l3/?comment_id=17898439198179546
;472-1;dominik_wgr;09.02.18 06:23:13;3;@hrncice ????;https://www.instagram.com/p/BbKOFmfg6l3/?comment_id=17898439198179546
473;;jazz.m_;09.02.18 01:47:04;2;@diana.emr  waiting for this ??;https://www.instagram.com/p/BbKOFmfg6l3/?comment_id=17923187410014625
;473-1;diana.emr;09.02.18 03:20:58;1;@jazz.m_ ??????????;https://www.instagram.com/p/BbKOFmfg6l3/?comment_id=17923187410014625
474;;jessie_baer;10.02.18 05:23:32;1;@hayhaggin;https://www.instagram.com/p/BbKOFmfg6l3/?comment_id=17898669553184660
475;;nedasalehi1;11.02.18 21:21:12;0;@emadzibae;https://www.instagram.com/p/BbKOFmfg6l3/?comment_id=17898474334134948
476;;malihemotaghianpour;12.02.18 19:31:11;0;@negiiin__s ??;https://www.instagram.com/p/BbKOFmfg6l3/?comment_id=17893226416174608
477;;negiiin__s;12.02.18 19:40:04;0;@malihmotaghianpour  bah bah??;https://www.instagram.com/p/BbKOFmfg6l3/?comment_id=17916021172075103
478;;zlatamaas;13.02.18 06:18:54;0;@rachelstage  can’t come soon enough;https://www.instagram.com/p/BbKOFmfg6l3/?comment_id=17898939364134979
;478-1;rachelstage;13.02.18 14:05:14;0;@zlatamaas yess! Wanna go Sunday??;https://www.instagram.com/p/BbKOFmfg6l3/?comment_id=17898939364134979
;478-2;zlatamaas;13.02.18 19:41:12;0;@rachelstage it’s a date!;https://www.instagram.com/p/BbKOFmfg6l3/?comment_id=17898939364134979
479;;emmaeriicsson_;15.02.18 18:49:39;0;Kolla va goals ?????? @theo.brikho;https://www.instagram.com/p/BbKOFmfg6l3/?comment_id=17925393415033602
480;;xbilee2329;22.02.18 15:19:09;0;@billysantris;https://www.instagram.com/p/BbKOFmfg6l3/?comment_id=17853992293229948
481;;_nadja17_;24.02.18 09:24:44;0;@_jasmine_zh_;https://www.instagram.com/p/BbKOFmfg6l3/?comment_id=17914365100103671
482;;_jasmine_zh_;24.02.18 10:36:01;0;Ajjj carambaa???????? @_nadja_15_;https://www.instagram.com/p/BbKOFmfg6l3/?comment_id=17926133404005754
;482-1;_nadja17_;24.02.18 10:36:23;0;@_jasmine_zh_ ??????;https://www.instagram.com/p/BbKOFmfg6l3/?comment_id=17926133404005754
483;;julezzxmua;24.02.18 13:24:02;0;????????????????;https://www.instagram.com/p/BbKOFmfg6l3/?comment_id=17866080526221112
484;;hannahmarleeen;06.03.18 20:58:11;0;@cees.flmir ????;https://www.instagram.com/p/BbKOFmfg6l3/?comment_id=17928999994058766
485;;iamnasssim;04.05.18 11:57:31;0;??;https://www.instagram.com/p/BbKOFmfg6l3/?comment_id=17942999497009607
486;;hannadwim5793;28.05.18 07:42:43;0;Pengen nonton inii ?? @fadhlialmubaraka  seru yaaaah hahaha;https://www.instagram.com/p/BbKOFmfg6l3/?comment_id=17875810240239191
;486-1;hannadwim5793;28.05.18 21:12:52;0;@fadhlialmubaraka udah lama keluar itu filmnya,;https://www.instagram.com/p/BbKOFmfg6l3/?comment_id=17875810240239191
;486-2;fadhlialmubaraka;28.05.18 21:17:51;0;@hannadwim5793 trs lwt mna nntnna;https://www.instagram.com/p/BbKOFmfg6l3/?comment_id=17875810240239191
;486-3;hannadwim5793;29.05.18 01:07:26;0;@fadhlialmubaraka youtube paling yank;https://www.instagram.com/p/BbKOFmfg6l3/?comment_id=17875810240239191
487;;empress_empowher_evolution;05.08.18 05:06:06;1;@thought_4_love But only after this first one. ???????;https://www.instagram.com/p/BbKOFmfg6l3/?comment_id=17937306502177157
;487-1;thought_4_love;05.08.18 05:13:33;0;@o_stara_thegreat ????;https://www.instagram.com/p/BbKOFmfg6l3/?comment_id=17937306502177157
488;;novlitakurnianti;13.08.18 15:05:38;2;@moraenjelinaa;https://www.instagram.com/p/BbKOFmfg6l3/?comment_id=17968772209001772
489;;ocee_mlr;27.10.18 21:10:42;0;@eiramtaegnor @manondelmond;https://www.instagram.com/p/BbKOFmfg6l3/?comment_id=17964018607177251
;;;;;;
